<?xml version="1.0" encoding="utf-8"?>
<!--DTS2012020702921 duanwei 20120207 create -->
<!--
/*
** Copyright 2006, Google Inc.
**
** Licensed under the Apache License, Version 2.0 (the "License");
** you may not use this file except in compliance with the License.
** You may obtain a copy of the License at
**
**     http://www.apache.org/licenses/LICENSE-2.0
**
** Unless required by applicable law or agreed to in writing, software
** distributed under the License is distributed on an "AS IS" BASIS,
** WITHOUT WARRANTIES OR CONDITIONS OF ANY KIND, either express or implied.
** See the License for the specific language governing permissions and
** limitations under the License.
*/
-->

<!-- use empty string to specify no proxy or port -->
<!-- This version must agree with that in apps/common/res/apns.xml -->

<!-- change "default" to "default,supl" -->
<!-- Global Version, add sms 7bit coding parameters -->
<numMatchs version="1">
    <numMatch 
        name="Telkom"
        mcc="510"
        mnc="00"
        num_match="10"
    />
       <numMatch 
        name="Viettel"
        mcc="456"
        mnc="01"
        num_match="8"
    />   
       <numMatch 
        name="Viettel"
        mcc="456"
        mnc="08"
        num_match="8"
    />     
       <numMatch 
        name="Viettel"
        mcc="456"
        mnc="02"
        num_match="8"
    />    
       <numMatch 
        name="Viettel"
        mcc="456"
        mnc="09"
        num_match="8"
    />    
       <numMatch 
        name="Viettel"
        mcc="456"
        mnc="06"
        num_match="8"
    />    
       <numMatch 
        name="Viettel"
        mcc="456"
        mnc="04"
        num_match="8"
    />    
       <numMatch 
        name="Viettel"
        mcc="457"
        mnc="01"
        num_match="8"
    />   
       <numMatch 
        name="Viettel"
        mcc="457"
        mnc="02"
        num_match="8"
    />     
       <numMatch 
        name="Viettel"
        mcc="457"
        mnc="03"
        num_match="8"
    />    
       <numMatch 
        name="ChinaUnicom"
        mcc="460"
        mnc="01"
        num_match="11"
    />   
       <numMatch 
        name="M1"
        mcc="525"
        mnc="03"
        num_match="8"
    />   
     <numMatch 
        name="StarHub"
        mcc="525"
        mnc="05"
        num_match="8"
    /> 
    <numMatch 
        name="SingTel"
        mcc="525"
        mnc="01"
        num_match="8"
    /> 
    <numMatch 
        name="TaiWan"
        mcc="466"
        mnc="01"
        num_match="8"
    /> 
    <numMatch 
        name="TaiWan"
        mcc="466"
        mnc="92"
        num_match="8"
    /> 
    <numMatch 
        name="VOBO"
        mcc="466"
        mnc="89"
        num_match="8"
    /> 
    <numMatch 
        name="VOBO"
        mcc="466"
        mnc="97"
        num_match="8"
    /> 
    <numMatch 
        name="Gonur"
        mcc="438"
        mnc="02"
        num_match="8"
    /> 
    <numMatch 
        name="Dialog"
        mcc="413"
        mnc="02"
        num_match="9"
    /> 
    <numMatch 
        name="VHA"
        mcc="505"
        mnc="03"
        num_match="7"
    /> 
    <numMatch 
        name="VHA"
        mcc="505"
        mnc="06"
        num_match="7"
    /> 
    <numMatch 
        name="Skytel"
        mcc="428"
        mnc="00"
        num_match="8"
    /> 
    <numMatch 
        name="ChinaMobile"
        mcc="460"
        mnc="00"
        num_match="11"
    /> 
    <numMatch 
        name="ChinaMobile"
        mcc="460"
        mnc="02"
        num_match="11"
    /> 
    <numMatch 
        name="ChinaMobile"
        mcc="460"
        mnc="07"
        num_match="11"
    /> 
    <!-- DTS2012022105931 chenzhong 20120222 begin -->
    <!-- delete by requirement-->
    <!-- DTS2012022105931 chenzhong 20120222 end -->
     <numMatch
        name="Maxis"
        mcc="502"
        mnc="12"
        num_match="10"
    /> 
    <numMatch 
        name="Maxis"
        mcc="502"
        mnc="17"
        num_match="10"
    /> 
     <numMatch 
        name="UMobile"
        mcc="502"
        mnc="18"
        num_match="10"
    /> 
     <numMatch 
        name="Celcom"
        mcc="502"
        mnc="19"
        num_match="10"
    /> 
     <numMatch 
        name="DiGi"
        mcc="502"
        mnc="16"
        num_match="10"
    /> 
     <numMatch 
        name="Celcom"
        mcc="502"
        mnc="13"
        num_match="10"
    /> 
     <numMatch 
        name="DiGi"
        mcc="502"
        mnc="10"
        num_match="10"
    /> 
     <numMatch 
        name="BMobile"
        mcc="528"
        mnc="02"
        num_match="10"
    /> 
    <numMatch 
        name="ICE"
        mcc="712"
        mnc="01"
        num_match="8"
        sms_coding_national="2"
    /> 
    <numMatch 
        name="ICE"
        mcc="712"
        mnc="04"
        sms_7bit_enabled="1"
        sms_coding_national="2"
    /> 
    <!-- DTS2012022105931 chenzhong 20120222 begin -->
    <!-- delete by requirement-->
    <!-- DTS2012022105931 chenzhong 20120222 end -->
    <!-- DTS2012031407974 chenzhong 20120314 begin -->
    <!-- DTS2012032406509 duanwei 20120331 begin -->
    <numMatch 
        name="Movilnet"
        mcc="734"
        mnc="06"
        num_match="10"
        num_match_short="7"
        sms_7bit_enabled="1"
        sms_coding_national="2"
        is_vmn_short_code="1"
    /> 
    <!-- DTS2012032406509 duanwei 20120331 end -->
    <!-- DTS2012031407974 chenzhong 20120314 end -->
    <!-- DTS2012022105931 chenzhong 20120222 begin -->
    <!-- delete by requirement-->
    <!-- DTS2012022105931 chenzhong 20120222 end -->
    <numMatch 
        name="Movistar"
        mcc="730"
        mnc="02"
        num_match="8"
    /> 
    <numMatch 
        name="VTR"
        mcc="730"
        mnc="08"
        num_match="8"
        sms_coding_national="2"
    /> 
    <numMatch 
        name="IUSACELL"
        mcc="334"
        mnc="50"
        num_match="8"
        sms_coding_national="2"
    /> 
    <!-- DTS2012022105931 chenzhong 20120222 begin -->
    <!-- delete by requirement-->
    <!-- DTS2012022105931 chenzhong 20120222 end -->
    <numMatch 
        name="IUSACELL"
        mcc="222"
        mnc="10"
        num_match="7"
    /> 
    <numMatch 
        name="IUSACELL/UNEFON"
        mcc="222"
        mnc="010"
        num_match="7"
        sms_7bit_enabled="1"
        sms_coding_national="2"
    /> 
    <numMatch 
        name="IUSACELL"
        mcc="222"
        mnc="012"
        num_match="8"
        sms_coding_national="2"
    /> 
    <numMatch 
        name="IUSACELL"
        mcc="222"
        mnc="013"
        num_match="8"
        sms_coding_national="2"
    /> 
    <numMatch 
        name="IUSACELL"
        mcc="222"
        mnc="014"
        num_match="8"
        sms_coding_national="2"
    /> 
    <numMatch 
        name="IUSACELL"
        mcc="222"
        mnc="015"
        num_match="8"
        sms_coding_national="2"
    /> 
    <numMatch 
        name="IUSACELL"
        mcc="222"
        mnc="016"
        num_match="8"
        sms_coding_national="2"
    /> 
    <numMatch 
        name="IUSACELL"
        mcc="222"
        mnc="017"
        num_match="8"
        sms_coding_national="2"
    /> 
    <numMatch 
        name="IUSACELL"
        mcc="222"
        mnc="018"
        num_match="8"
        sms_coding_national="2"
    /> 
    <numMatch 
        name="IUSACELL"
        mcc="222"
        mnc="19"
        num_match="8"
        sms_coding_national="2"
    /> 
    <!-- DTS2012031407974 chenzhong 20120314 begin -->
    <numMatch 
        name="Claro"
        mcc="724"
        mnc="02"
        num_match="9"
        num_match_short="8"
        sms_7bit_enabled="1"
        sms_coding_national="3"
    />
    <numMatch 
        name="Claro"
        mcc="724"
        mnc="03"
        num_match="9"
        num_match_short="8"
        sms_7bit_enabled="1"
        sms_coding_national="3"
    /> 
    <numMatch 
        name="Claro"
        mcc="724"
        mnc="04"
        num_match="9"
        num_match_short="8"
        sms_7bit_enabled="1"
        sms_coding_national="3"
    /> 
    <numMatch 
        name="Claro"
        mcc="724"
        mnc="05"
        num_match="9"
        num_match_short="8"
        sms_7bit_enabled="1"
        sms_coding_national="3"
    /> 
    <numMatch 
        name="Claro"
        mcc="724"
        mnc="06"
        num_match="9"
        num_match_short="8"
        sms_7bit_enabled="1"
        sms_coding_national="3"
    />  
    <!-- DTS2012031407974 chenzhong 20120314 end -->
    <!-- DTS2012022105931 chenzhong 20120222 begin -->
    <!-- delete by requirement-->
    <!-- DTS2012022105931 chenzhong 20120222 end -->
<numMatch 
        name="Claro"
        mcc="724"
        mnc="07"
        num_match="8"
    /> 
    <!-- DTS2012031407974 chenzhong 20120314 begin -->
    <numMatch 
        name="Claro"
        mcc="724"
        mnc="08"
        num_match="9"
        num_match_short="8"
        sms_7bit_enabled="1"
        sms_coding_national="3"
    /> 
    <numMatch 
        name="Claro"
        mcc="724"
        mnc="10"
        num_match="9"
        num_match_short="8"
        sms_7bit_enabled="1"
        sms_coding_national="3"
    /> 
    <!--DTS2012032104705 chenzhong 20120321 begin -->
    <numMatch 
        name="VIVO"
        mcc="724"
        mnc="11"
        num_match="9"
        num_match_short="8"
        sms_7bit_enabled="1"
        sms_coding_national="3"
    />
    <!--DTS2012032104705 chenzhong 20120321 end -->
    <!--DTS2012032104705 chenzhong 20120321 begin -->
        
    <!-- delete by requirement-->
    <!--DTS2012032104705 chenzhong 20120321 end -->
    <numMatch 
        name="Claro"
        mcc="724"
        mnc="16"
        num_match="9"
        num_match_short="8"
        sms_7bit_enabled="1"
        sms_coding_national="3"
    /> 
    <!--DTS2012032104705 chenzhong 20120321 begin -->
    <numMatch 
        name="VIVO"
        mcc="724"
        mnc="23"
        num_match="9"
        num_match_short="8"
        sms_7bit_enabled="1"
        sms_coding_national="3"
    /> 
    <!--DTS2012032104705 chenzhong 20120321 end -->
    <numMatch 
        name="Claro"
        mcc="724"
        mnc="24"
        num_match="9"
        num_match_short="8"
        sms_7bit_enabled="1"
        sms_coding_national="3"
    /> 
    <numMatch 
        name="Claro"
        mcc="724"
        mnc="31"
        num_match="9"
        num_match_short="8"
        sms_7bit_enabled="1"
        sms_coding_national="3"
    /> 
    <numMatch 
        name="Claro"
        mcc="724"
        mnc="32"
        num_match="9"
        num_match_short="8"
        sms_7bit_enabled="1"
        sms_coding_national="3"
    /> 
    <numMatch 
        name="Claro"
        mcc="724"
        mnc="33"
        num_match="9"
        num_match_short="8"
        sms_7bit_enabled="1"
        sms_coding_national="3"
    /> 
    <numMatch 
        name="Claro"
        mcc="724"
        mnc="34"
        num_match="9"
        num_match_short="8"
        sms_7bit_enabled="1"
        sms_coding_national="3"
    /> 
    <!-- DTS2012031407974 chenzhong 20120314 end -->
    <numMatch 
        name="Claro"
        mcc="724"
        mnc="37"
        num_match="8"
    /> 
    <numMatch 
        name="Claro"
        mcc="724"
        mnc="00"
        num_match="8"
    /> 
    <!-- DTS2012031407974 chenzhong 20120314 begin -->
    <numMatch 
        name="Movistar"
        mcc="334"
        mnc="03"
        num_match="8"
        sms_7bit_enabled="1"
        sms_coding_national="2"
    />
    <!-- DTS2012031407974 chenzhong 20120314 end -->
    <numMatch 
        name="Movistar"
        mcc="334"
        mnc="30"
        num_match="8"
        sms_coding_national="2"
    />
    <numMatch 
        name="Movistar"
        mcc="704"
        mnc="03"
        num_match="8"
        sms_7bit_enabled="1"
        sms_coding_national="2"
    />
    <numMatch 
        name="Movistar"
        mcc="706"
        mnc="04"
        num_match="8"
        sms_7bit_enabled="1"
        sms_coding_national="2"
    />
    <numMatch 
        name="Movistar"
        mcc="710"
        mnc="30"
        num_match="8"
        sms_7bit_enabled="1"
        sms_coding_national="2"
    />
    <numMatch 
        name="Movistar"
        mcc="714"
        mnc="02"
        num_match="8"
        sms_7bit_enabled="1"
        sms_coding_national="2"
    />
    <numMatch 
        name="Movistar"
        mcc="730"
        mnc="02"
        num_match="8"
        sms_7bit_enabled="1"
        sms_coding_national="2"
    />
    <!-- DTS2012031407974 chenzhong 20120314 begin -->
    <!-- DTS2012022105931 chenzhong 20120222 begin -->
    <numMatch 
        name="Movistar"
        mcc="722"
        mnc="07"
        num_match="7"
        sms_7bit_enabled="1"
        sms_coding_national="2"
    />
    <!-- DTS2012022105931 chenzhong 20120222 end -->
    <!-- DTS2012031407974 chenzhong 20120314 end -->
    <numMatch 
        name="Movistar"
        mcc="740"
        mnc="00"
        num_match="8"
        sms_coding_national="2"
    />
    <numMatch 
        name="Movistar"
        mcc="740"
        mnc="01"
        num_match="7"
        sms_coding_national="2"
    />
    <numMatch 
        name="Movistar"
        mcc="740"
        mnc="02"
        num_match="7"
        sms_coding_national="2"
    />
    <numMatch 
        name="Movistar"
        mcc="748"
        mnc="07"
        sms_7bit_enabled="1"
        sms_coding_national="2"
    />
    <numMatch 
        name="Movistar"
        mcc="748"
        mnc="10"
        num_match="7"
        sms_7bit_enabled="1"
        sms_coding_national="2"
    />
    <numMatch 
        name="Movistar"
        mcc="744"
        mnc="02"
        num_match="7"
        sms_7bit_enabled="1"
        sms_coding_national="2"
    />
    <numMatch 
        name="Movistar"
        mcc="710"
        mnc="06"
        num_match="8"
    />
    <numMatch 
        name="Movistar"
        mcc="214"
        mnc="02"
        num_match="8"
    />
    <numMatch 
        name="Movistar"
        mcc="310"
        mnc="160"
        num_match="7"
    />
    <numMatch 
        name="Movistar"
        mcc="310"
        mnc="150"
        num_match="8"
    />
    <numMatch 
        name="Movistar"
        mcc="310"
        mnc="380"
        num_match="8"
    />
    <!-- DTS2012031407974 chenzhong 20120314 begin -->
    <numMatch 
        name="COLOMBIA"
        mcc="732"
        mnc="123"
        num_match="10"
        sms_7bit_enabled="1"
        sms_coding_national="2"
    /> 
    <numMatch 
        name="COLOMBIA"
        mcc="732"
        mnc="103"
        num_match="10"
        sms_7bit_enabled="1"
        sms_coding_national="2"
    /> 
    <numMatch 
        name="COLOMBIA"
        mcc="732"
        mnc="111"
        num_match="10"
        sms_7bit_enabled="1"
        sms_coding_national="2"
    /> 
    <numMatch 
        name="COLOMBIA"
        mcc="732"
        mnc="101"
        num_match="10"
        sms_7bit_enabled="1"
        sms_coding_national="2"
    /> 
    <!-- DTS2012032406509 duanwei 20120331 begin -->
    <numMatch 
        name="COLOMBIA"
        mcc="734"
        mnc="04"
        num_match="10"
        sms_7bit_enabled="1"
        sms_coding_national="2"
        is_vmn_short_code="1"
    /> 
    <!-- DTS2012032406509 duanwei 20120331 end -->
    <!-- DTS2012031407974 chenzhong 20120314 end -->
    <numMatch 
        name="Antel"
        mcc="748"
        mnc="01"
        num_match="8"
        sms_7bit_enabled="1"
        sms_coding_national="2"
    /> 
    <numMatch 
        name="ACL"
        mcc="650"
        mnc="02"
        num_match="8"
    />  
    <!-- DTS2012022105931 chenzhong 20120222 begin -->
    <!-- delete by requirement-->
    <!-- DTS2012022105931 chenzhong 20120222 end -->
    <numMatch 
        name="Tigo"
        mcc="640"
        mnc="02"
        num_match="9"
    /> 
    <numMatch 
        name="MTN"
        mcc="634"
        mnc="02"
        num_match="8"
    /> 
    <numMatch 
        name="NTD"
        mcc="602"
        mnc="01"
        num_match="8"
    /> 
    <numMatch 
        name="NTD"
        mcc="602"
        mnc="02"
        num_match="8"
    /> 
    <numMatch 
        name="NTD"
        mcc="602"
        mnc="03"
        num_match="8"
    /> 
    <!-- DTS2012031407974 chenzhong 20120314 begin -->
    <numMatch 
        name="KKTCELL"
        mcc="286"
        mnc="02"
        num_match="7"
        sms_7bit_enabled="1"
        sms_coding_national="1"
    />
    <!-- DTS2012031407974 chenzhong 20120314 end -->
    <numMatch 
        name="GH"
        mcc="620"
        mnc="02"
        num_match="9"
    />  
    <numMatch 
        name="Maroc"
        mcc="604"
        mnc="01"
        num_match="8"
    />
    <numMatch 
        name="MTN"
        mcc="635"
        mnc="10"
        num_match="9"
    />
    <numMatch 
        name="Orange"
        mcc="641"
        mnc="14"
        num_match="9"
    />
    <numMatch 
        name="Unitel"
        mcc="631"
        mnc="02"
        num_match="9"
        sms_7bit_enabled="1"
    />
    <numMatch 
        name="Telecom"
        mcc="640"
        mnc="03"
        num_match="9"
    />
    <numMatch 
        name="Zain"
        mcc="634"
        mnc="01"
        num_match="8"
    />
    <numMatch 
        name="Qatar"
        mcc="427"
        mnc="02"
        num_match="8"
    />
    <numMatch 
        name="Yemen"
        mcc="423"
        mnc="03"
        num_match="8"
    />
    <numMatch 
        name="Poland"
        mcc="260"
        mnc="01"
        num_match="9"
    />
    <numMatch 
        name="Poland"
        mcc="260"
        mnc="02"
        num_match="9"
    />
    <numMatch 
        name="Poland"
        mcc="260"
        mnc="03"
        num_match="9"
    />
        
    <numMatch 
        name="Poland"
        mcc="260"
        mnc="06"
        num_match="9"
    />
    <!-- DTS2012022105931 chenzhong 20120222 begin -->
    
    <!-- delete by requirement-->
    <!-- DTS2012022105931 chenzhong 20120222 end -->
    <!--DTS2012042007522 chenzhong 20120420 begin-->
    <numMatch 
        name="Cyfrowy Polsat S.A."
        mcc="260"
        mnc="12"
        num_match="9"
    />
    <!-- DTS2012022105931 chenzhong 20120222 begin -->
    <!-- delete by requirement-->
    <!-- DTS2012022105931 chenzhong 20120222 end -->
    <numMatch 
        name="Telekom Srpske"
        mcc="218"
        mnc="05"
        num_match="8"
    />
    <numMatch 
        name="Telekom Srbija"
        mcc="220"
        mnc="03"
        num_match="8"
    />
    <!--DTS2012042007522 chenzhong 20120420 begin-->
    <numMatch 
        name="VIRGIN"
        mcc="208"
        mnc="01"
        num_match="9"
    />
    <!-- DTS2012031407974 chenzhong 20120314 begin -->
    <numMatch 
        name="Jazztel"
        mcc="214"
        mnc="21"
        num_match="9"
        sms_7bit_enabled="1"
        sms_coding_national="2"
    />
    <!-- DTS2012031407974 chenzhong 20120314 end -->
    <numMatch 
        name="Jazztel"
        mcc="204"
        mnc="08"
        num_match="7"
    />
    <!--DTS2012042007522 chenzhong 20120420 begin-->
    <!-- delete by requirement-->
    <!--DTS2012042007522 chenzhong 20120420 end-->
    <numMatch 
        name="T-Mobile"
        mcc="262"
        mnc="01"
        num_match="7"
    />
    <numMatch 
        name="Agora"
        mcc="230"
        mnc="01"
        num_match="9"
    />
    <numMatch 
        name="Agora"
        mcc="230"
        mnc="02"
        num_match="9"
    />
    <numMatch 
        name="Agora"
        mcc="230"
        mnc="03"
        num_match="9"
    />
    <numMatch 
        name="E-Plus"
        mcc="262"
        mnc="03"
        num_match="7"
    />
    <numMatch 
        name="Vodafone"
        mcc="268"
        mnc="01"
        num_match="9"
        sms_coding_national="3"
    />
    <numMatch 
        name="Vodafone"
        mcc="216"
        mnc="70"
        num_match="9"
    />
    <numMatch 
        name="Moldcell"
        mcc="259"
        mnc="02"
        num_match="8"
    />
    <!-- DTS2012022105931 chenzhong 20120222 begin -->
    <numMatch 
        name="TIM"
        mcc="222"
        mnc="01"
        num_match="7"
    />
    <!-- DTS2012022105931 chenzhong 20120222 end -->
    <numMatch 
        name="Tesco"
        mcc="234"
        mnc="10"
        num_match="10"
    />
    <numMatch 
        name="Worldcomm"
        mcc="226"
        mnc="01"
        num_match="9"
    />
    <numMatch 
        name="Worldcomm"
        mcc="226"
        mnc="10"
        num_match="9"
    />
    <numMatch 
        name="Worldcomm"
        mcc="226"
        mnc="03"
        num_match="9"
    />
    <numMatch 
        name="Worldcomm"
        mcc="226"
        mnc="04"
        num_match="9"
    />
    <numMatch 
        name="Worldcomm"
        mcc="226"
        mnc="06"
        num_match="9"
    />
    <numMatch 
        name="Vodafone"
        mcc="262"
        mnc="02"
        num_match="7"
    />
    <!--DTS2012042007522 chenzhong 20120420 begin-->
    <numMatch 
        name="VIP"
        mcc="250"
        mnc="99"
        num_match="9"
    />
    <!--DTS2012042007522 chenzhong 20120420 end-->
    <numMatch 
        name="kyivstar"
        mcc="255"
        mnc="03"
        num_match="10"
    />
    <numMatch 
        name="Beeline"
        mcc="437"
        mnc="01"
        num_match="9"
    />
    <numMatch 
        name="Emobel"
        mcc="440"
        mnc="00"
        num_match="11"
    />
    <numMatch 
        name="Wind"
        mcc="302"
        mnc="490"
        num_match="10"
    />
    <numMatch 
        name="Optimus"
        mcc="268"
        mnc="03"
        num_match="9"
        sms_coding_national="3"
    />
    <numMatch 
        name="TMN"
        mcc="268"
        mnc="06"
        num_match="9"
        sms_coding_national="3"
    />
    <numMatch 
        name="Telefonica"
        mcc="214"
        mnc="07"
        num_match="7"
        sms_coding_national="2"
    />
    <!-- DTS2012022105931 chenzhong 20120222 begin -->
    <!-- delete by requirement-->
    <!-- DTS2012022105931 chenzhong 20120222 end -->
    <!--DTS2012032104705 chenzhong 20120321 begin -->
    
    <!-- delete by requirement-->
    <!--DTS2012032104705 chenzhong 20120321 end -->
    <!-- DTS2012022105931 chenzhong 20120222 begin -->
    <!-- delete by requirement-->
    <!-- DTS2012022105931 chenzhong 20120222 end -->
    <numMatch 
        name="Claro"
        mcc="730"
        mnc="03"
        num_match="8"
        sms_coding_national="3"
    />
    <numMatch 
        name="MEMO"
        mcc="417"
        mnc="01"
        num_match="8"
    />
    <numMatch 
        name="MEMO"
        mcc="417"
        mnc="02"
        num_match="8"
    />
    <numMatch 
        name="Vodacom"
        mcc="655"
        mnc="01"
        num_match="9"
    />
    <numMatch 
        name="Vodacom"
        mcc="655"
        mnc="02"
        num_match="9"
    />
    <numMatch 
        name="Vodacom"
        mcc="655"
        mnc="07"
        num_match="9"
    />
    <numMatch 
        name="Vodacom"
        mcc="655"
        mnc="10"
        num_match="9"
    />
    <numMatch 
        name="Safaricom"
        mcc="639"
        mnc="02"
        num_match="9"
    />
    <numMatch 
        name="Safaricom"
        mcc="639"
        mnc="07"
        num_match="9"
    />
    <numMatch 
        name="Safaricom"
        mcc="639"
        mnc="03"
        num_match="9"
    />
    <numMatch 
        name="Sudani"
        mcc="634"
        mnc="07"
        num_match="8"
    />
    <numMatch 
        name="Metro PCS"
        mcc="310"
        mnc="16"
        num_match="10"
    />
    <!--DTS2012042007522 chenzhong 20120420 begin-->
    <numMatch 
        name="A1"
        mcc="232"
        mnc="01"
        num_match="7"
    />
    <numMatch 
        name="Hutchison 3G"
        mcc="232"
        mnc="10"
        num_match="7"
    />
    <numMatch 
        name="Austria"
        mcc="232"
        mnc="03"
        num_match="7"
    />
    <numMatch 
        name="tele.ring"
        mcc="232"
        mnc="05"
        num_match="7"
    />
    <!--DTS2012042007522 chenzhong 20120420 end-->
    <numMatch 
        name="Austria"
        mcc="232"
        mnc="07"
        num_match="7"
    />
    <numMatch 
        name="Croatia"
        mcc="219"
        mnc="02"
        num_match="7"
    />
    <!--DTS2012042007522 chenzhong 20120420 begin-->
    <numMatch 
        name="Vodafone"
        mcc="219"
        mnc="10"
        num_match="7"
    />
    <numMatch 
        name="TM HR"
        mcc="219"
        mnc="01"
        num_match="7"
    />
    <!--DTS2012042007522 chenzhong 20120420 end-->
    <!-- DTS2012022105931 chenzhong 20120222 begin -->
    <!-- delete by requirement-->
    <!-- DTS2012022105931 chenzhong 20120222 end -->
    <numMatch 
        name="Denmark"
        mcc="238"
        mnc="01"
        num_match="7"
    />
    <numMatch 
        name="Denmark"
        mcc="238"
        mnc="02"
        num_match="7"
    />
    <numMatch 
        name="Denmark"
        mcc="238"
        mnc="06"
        num_match="7"
    />
    <numMatch 
        name="Denmark"
        mcc="238"
        mnc="20"
        num_match="7"
    />
    <numMatch 
        name="Esthonia"
        mcc="248"
        mnc="01"
        num_match="7"
    />
    <numMatch 
        name="Esthonia"
        mcc="248"
        mnc="02"
        num_match="7"
    />
    <numMatch 
        name="Esthonia"
        mcc="248"
        mnc="03"
        num_match="7"
    />
    <numMatch 
        name="Finland"
        mcc="244"
        mnc="05"
        num_match="7"
    />
    <numMatch 
        name="Finland"
        mcc="244"
        mnc="12"
        num_match="7"
    />
    <numMatch 
        name="Finland"
        mcc="244"
        mnc="21"
        num_match="7"
    />
    <numMatch 
        name="Finland"
        mcc="244"
        mnc="91"
        num_match="7"
    />
    <numMatch 
        name="Greece"
        mcc="202"
        mnc="05"
        num_match="7"
        sms_7bit_enabled="1"
    />
    <!-- DTS2012022105931 chenzhong 20120222 begin -->
    <!-- delete by requirement-->
 
    <!-- DTS2012022105931 chenzhong 20120222 end -->
    <numMatch 
        name="Latvia"
        mcc="247"
        mnc="05"
        num_match="7"
    />
    <numMatch 
        name="Latvia"
        mcc="247"
        mnc="02"
        num_match="7"
    />
    <numMatch 
        name="Latvia"
        mcc="247"
        mnc="01"
        num_match="7"
    />
    <numMatch 
        name="Lithuania"
        mcc="246"
        mnc="01"
        num_match="7"
    />
    <numMatch 
        name="Lithuania"
        mcc="246"
        mnc="02"
        num_match="7"
    />
    <numMatch 
        name="Lithuania"
        mcc="246"
        mnc="03"
        num_match="7"
    />
    <numMatch 
        name="Macedonia"
        mcc="294"
        mnc="01"
        num_match="7"
    />
    <!-- DTS2012040105777 chenzhong 20120401 begin -->
    <!--DTS2012042007522 chenzhong 20120420 begin-->
    <numMatch 
        name="Orange"
        mcc="259"
        mnc="01"
        num_match="8"
    />
    <!--DTS2012042007522 chenzhong 20120420 end-->
    <!-- DTS2012040105777 chenzhong 20120401 end -->
    <!-- DTS2012022105931 chenzhong 20120222 begin -->
    <!-- delete by requirement-->
    <!-- DTS2012022105931 chenzhong 20120222 end -->
    <numMatch 
        name="Serbia"
        mcc="220"
        mnc="01"
        num_match="8"
    />
    <!-- DTS2012022105931 chenzhong 20120222 begin -->
    <!-- delete by requirement-->
    <!-- DTS2012022105931 chenzhong 20120222 end -->
    <numMatch 
        name="Serbia"
        mcc="220"
        mnc="05"
        num_match="8"
    />
    <!-- DTS2012022105931 chenzhong 20120222 begin -->
    <!-- delete by requirement-->
    <!-- DTS2012022105931 chenzhong 20120222 end -->
    <numMatch 
        name="Slovenia"
        mcc="293"
        mnc="70"
        num_match="7"
    />
    <!-- DTS2012022105931 chenzhong 20120222 begin -->
    <!-- delete by requirement-->
    <!-- DTS2012022105931 chenzhong 20120222 end -->
    <!--DTS2012042007522 chenzhong 20120420 begin-->
    <numMatch 
        name="Orange"
        mcc="231"
        mnc="01"
        num_match="7"
    />
    <numMatch 
        name="DT"
        mcc="231"
        mnc="02"
        num_match="7"
    />
    <numMatch 
        name="Telefonia 02"
        mcc="231"
        mnc="06"
        num_match="7"
    />
    <!--DTS2012042007522 chenzhong 20120420 end-->
    <numMatch 
        name="Sweden"
        mcc="231"
        mnc="07"
        num_match="9"
    />
    <numMatch 
        name="Sweden"
        mcc="231"
        mnc="08"
        num_match="9"
    />
     <numMatch 
        name="STC Kuwait"
        mcc="419"
        mnc="04"
        num_match="8"
        num_match_short="8"
    /> 
     <numMatch 
        name="OmanMobile"
        mcc="422"
        mnc="02"
        num_match="8"
    /> 
     <numMatch 
        name="nawras"
        mcc="422"
        mnc="03"
        num_match="8"
    /> 
     <numMatch 
        name="etisalat"
        mcc="424"
        mnc="01"
        num_match="8"
    /> 
     <numMatch 
        name="etisalat"
        mcc="424"
        mnc="02"
        num_match="8"
    /> 
     <numMatch 
        name="du"
        mcc="424"
        mnc="03"
        num_match="8"
    /> 
     <numMatch 
        name="Zain"
        mcc="419"
        mnc="02"
        num_match="8"
    /> 
     <numMatch 
        name="Wataniya"
        mcc="419"
        mnc="03"
        num_match="8"
    /> 
     <numMatch 
        name="STC"
        mcc="420"
        mnc="01"
        num_match="8"
    /> 
     <numMatch 
        name="Mobily"
        mcc="420"
        mnc="03"
        num_match="8"
    /> 
     <numMatch 
        name="Zain"
        mcc="420"
        mnc="04"
        num_match="8"
    /> 
     <numMatch 
        name="batelco"
        mcc="426"
        mnc="01"
        num_match="8"
    /> 
     <numMatch 
        name="Zain"
        mcc="426"
        mnc="02"
        num_match="8"
    /> 
     <numMatch 
        name="Bahrain"
        mcc="426"
        mnc="04"
        num_match="8"
    /> 
     <numMatch 
        name="Jordan"
        mcc="416"
        mnc="01"
        num_match="8"
    /> 
     <numMatch 
        name="Umniah"
        mcc="416"
        mnc="03"
        num_match="8"
    /> 
     <numMatch 
        name="Orange"
        mcc="416"
        mnc="770"
        num_match="8"
    /> 
     <numMatch 
        name="MCCI"
        mcc="432"
        mnc="11"
        num_match="8"
    /> 
     <numMatch 
        name="MTN"
        mcc="432"
        mnc="35"
        num_match="8"
    /> 
     <numMatch 
        name="Zain"
        mcc="418"
        mnc="30"
        num_match="8"
    /> 
     <numMatch 
        name="Zain"
        mcc="418"
        mnc="20"
        num_match="8"
    /> 
     <numMatch 
        name="Asiacell"
        mcc="418"
        mnc="05"
        num_match="8"
    /> 
     <numMatch 
        name="KOREK"
        mcc="418"
        mnc="82"
        num_match="8"
    /> 
     <numMatch 
        name="KOREK"
        mcc="418"
        mnc="40"
        num_match="8"
    /> 
     <numMatch 
        name="Qatar"
        mcc="427"
        mnc="01"
        num_match="8"
    /> 
    <!-- DTS2012022105931 chenzhong 20120222 begin -->
    <!-- delete by requirement-->
    <!-- DTS2012022105931 chenzhong 20120222 end -->
    <numMatch 
        name="IUSACELL"
        mcc="370"
        mnc="01"
        sms_coding_national="2"
    />   
    <!-- DTS2012031407974 chenzhong 20120314 begin -->
    <numMatch 
        name="IUSACELL"
        mcc="716"
        mnc="06"
        num_match="7"
        sms_7bit_enabled="1"
        sms_coding_national="2"
    /> 
    <numMatch 
        name="IUSACELL"
        mcc="716"
        mnc="10"
        num_match="7"
        sms_7bit_enabled="1"
        sms_coding_national="2"
    /> 
    <numMatch 
        name="IUSACELL"
        mcc="716"
        mnc="17"
        num_match="7"
        sms_7bit_enabled="1"
        sms_coding_national="2"
    /> 
    <numMatch 
        name="Digitel"
        mcc="734"
        mnc="02"
        num_match="7"
        sms_7bit_enabled="1"
        sms_coding_national="2"
    /> 
    <numMatch 
        name="Digitel"
        mcc="734"
        mnc="03"
        num_match="7"
        sms_7bit_enabled="1"
        sms_coding_national="2"
    /> 
    <numMatch 
        name="Digitel"
        mcc="734"
        mnc="01"
        num_match="7"
        sms_7bit_enabled="1"
        sms_coding_national="2"
    /> 
    <!-- DTS2012031407974 chenzhong 20120314 end -->
    <numMatch 
        name="Greece"
        mcc="202"
        mnc="10"
        num_match="7"
        sms_7bit_enabled="1"
    />
    <numMatch 
        name="Greece"
        mcc="202"
        mnc="01"
        num_match="7"
        sms_7bit_enabled="1"
    />
    <numMatch 
        name="Digitel"
        mcc="214"
        mnc="01"
        num_match="7"
        sms_coding_national="2"
    /> 
    <!-- DTS2012031407974 chenzhong 20120314 begin -->
    <numMatch 
        name="Digitel"
        mcc="214"
        mnc="05"
        num_match="7"
        sms_7bit_enabled="1"
        sms_coding_national="2"
    /> 
    <!-- DTS2012022105931 chenzhong 20120222 begin -->
    <numMatch 
        name="Movistar"
        mcc="722"
        mnc="310"
        num_match="7"
        sms_7bit_enabled="1"
        sms_coding_national="2"
    />
    <numMatch 
        name="Movistar"
        mcc="722"
        mnc="34"
        num_match="7"
        sms_7bit_enabled="1"
        sms_coding_national="2"
    />
    <!-- DTS2012031407974 chenzhong 20120314 end -->
    <!-- DTS2012022105931 chenzhong 20120222 end -->
    <numMatch 
        name="Movistar"
        mcc="370"
        mnc="02"
        sms_coding_national="2"
    />
<!-- DTS2012020901435 chenzhong 20120216 begin -->
    <numMatch 
        name="Telkom"
        mcc="510"
        mnc="11"
        num_match="7"
    />  
    <numMatch 
        name="Telkom"
        mcc="510"
        mnc="10"
        num_match="7"
    />  
    <numMatch 
        name="Telkom"
        mcc="510"
        mnc="01"
        num_match="7"
    />  
    <numMatch 
        name="Telkom"
        mcc="510"
        mnc="21"
        num_match="7"
    />  
    <numMatch 
        name="Telkom"
        mcc="510"
        mnc="08"
        num_match="7"
    />  
    <numMatch 
        name="Telkom"
        mcc="510"
        mnc="89"
        num_match="7"
    /> 
        <numMatch 
        name="Dialog"
        mcc="413"
        mnc="01"
        num_match="9"
    /> 
        <numMatch 
        name="Dialog"
        mcc="413"
        mnc="03"
        num_match="9"
    /> 
    <numMatch 
        name="Dialog"
        mcc="413"
        mnc="05"
        num_match="9"
    /> 
    <numMatch 
        name="Dialog"
        mcc="413"
        mnc="08"
        num_match="9"
    /> 
        <numMatch 
        name="Skytel"
        mcc="428"
        mnc="88"
        num_match="7"
    /> 
        <numMatch 
        name="Vodafone"
        mcc="505"
        mnc="01"
        num_match="7"
    /> 
    <numMatch 
        name="Vodafone"
        mcc="505"
        mnc="02"
        num_match="7"
    />
        <numMatch 
        name="ICE"
        mcc="712"
        mnc="03"
        sms_7bit_enabled="1"
        sms_coding_national="2"
    />
        <numMatch 
        name="TELCEL"
        mcc="334"
        mnc="20"
        num_match="7"
        sms_coding_national="2"
    />
        <numMatch 
        name="Movistar"
        mcc="704"
        mnc="01"
        sms_7bit_enabled="1"
        sms_coding_national="2"
    />
        <numMatch 
        name="Movistar"
        mcc="706"
        mnc="01"
        sms_7bit_enabled="1"
        sms_coding_national="2"
    />
        <numMatch 
        name="Movistar"
        mcc="710"
        mnc="21"
        sms_coding_national="2"
    />
        <numMatch 
        name="Movistar"
        mcc="714"
        mnc="03"
        sms_7bit_enabled="1"
        sms_coding_national="2"
    />
        <numMatch 
        name="Movistar"
        mcc="730"
        mnc="01"
        num_match="8"
        sms_coding_national="2"
    />
        <numMatch 
        name="Orange"
        mcc="641"
        mnc="10"
        num_match="7"
    />
        <numMatch 
        name="Orange"
        mcc="641"
        mnc="11"
        num_match="7"
    />
        <numMatch 
        name="VIRGIN"
        mcc="208"
        mnc="10"
        num_match="9"
    />
    <numMatch 
        name="VIRGIN"
        mcc="208"
        mnc="20"
        num_match="9"
    />
    <numMatch 
        name="VIRGIN"
        mcc="208"
        mnc="15"
        num_match="9"
    />
        <numMatch 
        name="KPN"
        mcc="204"
        mnc="04"
        num_match="7"
    />
    <numMatch 
        name="T-mobile"
        mcc="204"
        mnc="16"
        num_match="7"
    />
        <numMatch 
        name="DiGi"
        mcc="226"
        mnc="05"
        num_match="9"
    />
    <numMatch 
        name="Sunrise"
        mcc="228"
        mnc="02"
        num_match="7"
    />
    <!--DTS2012032104705 chenzhong 20120321 begin -->
        <numMatch 
        name="MegaFon"
        mcc="250"
        mnc="02"
        num_match="10"
    />
    <!--DTS2012032104705 chenzhong 20120321 end -->
    <numMatch 
        name="Mts"
        mcc="250"
        mnc="01"
        num_match="10"
    />
        <numMatch 
        name="Claro"
        mcc="730"
        mnc="10"
        num_match="8"
        sms_coding_national="2"
    />
        <numMatch 
        name="Ufone"
        mcc="410"
        mnc="03"
        num_match="8"
    /> 
     <numMatch 
        name="Mobilink"
        mcc="410"
        mnc="01"
        num_match="8"
    /> 
     <numMatch 
        name="Warid"
        mcc="410"
        mnc="07"
        num_match="8"
    /> 
     <numMatch 
        name="Zong"
        mcc="410"
        mnc="04"
        num_match="8"
    /> 
     <numMatch 
        name="Telenor"
        mcc="410"
        mnc="06"
        num_match="7"
    />
        <numMatch 
        name="Tele2"
        mcc="240"
        mnc="07"
        num_match="7"
    /> 
    <numMatch 
        name="Telenor"
        mcc="240"
        mnc="08"
        num_match="7"
    /> 
    <!--DTS2012042007522 chenzhong 20120420 begin-->
    <numMatch 
        name="Sweden"
        mcc="240"
        mnc="01"
        num_match="7"
    /> 
    <numMatch 
        name="3"
        mcc="240"
        mnc="02"
        num_match="7"
    /> 
    <!--DTS2012042007522 chenzhong 20120420 end-->
<!-- DTS2012040105777 chenzhong 20120401 begin -->
<!-- requirement bases delete -->
<!-- DTS2012040105777 chenzhong 20120401 end -->
<!-- DTS2012032104973 chenzhong 20120321 begin -->
        <numMatch 
        name="Lfe ;-) (BeST)"
        mcc="257"
        mnc="04"
        num_match="9"
    /> 
    <!--DTS2012032104705 chenzhong 20120321 end -->
        <numMatch 
        name="Geocell"
        mcc="282"
        mnc="01"
        num_match="7"
    />
        <numMatch 
        name="Boston"
        mcc="290"
        mnc="01"
        num_match="7"
    />
        <numMatch 
        name="TMO"
        mcc="310"
        mnc="420"
        num_match="7"
    />
        <numMatch 
        name="TMO"
        mcc="310"
        mnc="100"
        num_match="7"
    />
    <numMatch 
        name="TMO"
        mcc="310"
        mnc="00"
        num_match="7"
    />
    <numMatch 
        name="TMO"
        mcc="310"
        mnc="410"
        num_match="7"
    />
    <numMatch 
        name="TMO"
        mcc="310"
        mnc="210"
        num_match="7"
    />
    <numMatch 
        name="TMO"
        mcc="310"
        mnc="230"
        num_match="7"
    />
    <numMatch 
        name="TMO"
        mcc="310"
        mnc="240"
        num_match="7"
    />
    <numMatch 
        name="TMO"
        mcc="310"
        mnc="250"
        num_match="7"
    />
    <numMatch 
        name="TMO"
        mcc="310"
        mnc="260"
        num_match="7"
    />
    <numMatch 
        name="TMO"
        mcc="310"
        mnc="270"
        num_match="7"
    />
    <numMatch 
        name="TMO"
        mcc="310"
        mnc="300"
        num_match="7"
    />
    <numMatch 
        name="TMO"
        mcc="310"
        mnc="310"
        num_match="7"
    />
    <numMatch 
        name="TMO"
        mcc="310"
        mnc="490"
        num_match="7"
    />
    <numMatch 
        name="TMO"
        mcc="310"
        mnc="530"
        num_match="7"
    />
    <numMatch 
        name="TMO"
        mcc="310"
        mnc="580"
        num_match="7"
    />
    <numMatch 
        name="TMO"
        mcc="310"
        mnc="590"
        num_match="7"
    />
    <numMatch 
        name="TMO"
        mcc="310"
        mnc="640"
        num_match="7"
    />
    <numMatch 
        name="TMO"
        mcc="310"
        mnc="660"
        num_match="7"
    />
    <numMatch 
        name="TMO"
        mcc="310"
        mnc="800"
        num_match="7"
    />
    <numMatch 
        name="TMO"
        mcc="310"
        mnc="220"
        num_match="7"
    />
    <numMatch 
        name="TMO"
        mcc="310"
        mnc="30"
        num_match="7"
    />
    <numMatch 
        name="TMO"
        mcc="310"
        mnc="200"
        num_match="7"
    />
        <numMatch 
        name="KCELL"
        mcc="401"
        mnc="02"
        num_match="7"
    />
    <!--DTS2012042007522 chenzhong 20120420 begin-->
    <numMatch 
        name="Sky Mobile"
        mcc="401"
        mnc="01"
        num_match="9"
    />
    <!--DTS2012042007522 chenzhong 20120420 end-->
<!-- DTS2012031407974 chenzhong 20120314 begin -->
<!-- basis  requirement delete-->
<!-- DTS2012031407974 chenzhong 20120314 end -->
        <numMatch 
        name="Ucell"
        mcc="434"
        mnc="05"
        num_match="7"
    />
    <!-- DTS2012030607891 chenzhong 20120306 begin -->
        <numMatch 
        name="Ucell"
        mcc="452"
        mnc="01"
        num_match="8"
    />
    <numMatch 
        name="Ucell"
        mcc="452"
        mnc="02"
        num_match="8"
    />
    <numMatch 
        name="Ucell"
        mcc="452"
        mnc="04"
        num_match="8"
    />
    <numMatch 
        name="Ucell"
        mcc="452"
        mnc="05"
        num_match="8"
    />
    <numMatch 
        name="Ucell"
        mcc="452"
        mnc="07"
        num_match="8"
    />
    <numMatch 
        name="Ucell"
        mcc="452"
        mnc="08"
        num_match="8"
    />
    <!-- DTS2012030607891 chenzhong 20120306 end -->
        <numMatch 
        name="HK"
        mcc="454"
        mnc="06"
        num_match="7"
    />
    <numMatch 
        name="HK"
        mcc="454"
        mnc="00"
        num_match="7"
    />
    <numMatch 
        name="HK"
        mcc="454"
        mnc="03"
        num_match="7"
    />
    <numMatch 
        name="HK"
        mcc="454"
        mnc="19"
        num_match="7"
    />
    <numMatch 
        name="HK"
        mcc="454"
        mnc="12"
        num_match="7"
    />
    <numMatch 
        name="HK"
        mcc="454"
        mnc="01"
        num_match="7"
    />
    <numMatch 
        name="HK"
        mcc="454"
        mnc="10"
        num_match="7"
    />
    <numMatch 
        name="HK"
        mcc="454"
        mnc="04"
        num_match="7"
    />
    <numMatch 
        name="HK"
        mcc="454"
        mnc="16"
        num_match="7"
    />
        <numMatch 
        name="HK"
        mcc="455"
        mnc="00"
        num_match="7"
    />
    <numMatch 
        name="HK"
        mcc="455"
        mnc="01"
        num_match="7"
    />
    <numMatch 
        name="HK"
        mcc="455"
        mnc="04"
        num_match="7"
    />
    <numMatch 
        name="HK"
        mcc="455"
        mnc="03"
        num_match="7"
    />
        <numMatch 
        name="GP"
        mcc="470"
        mnc="01"
        num_match="7"
    />
    <!-- DTS2012022105931 chenzhong 20120222 begin -->
        <numMatch 
        name="Globe"
        mcc="515"
        mnc="02"
        num_match="8"
    />
    <!-- DTS2012022105931 chenzhong 20120222 end -->
    <!-- DTS2012030607891 chenzhong 20120306 begin -->
    <numMatch 
        name="Globe"
        mcc="515"
        mnc="03"
        num_match="8"
    />
    <numMatch 
        name="Globe"
        mcc="515"
        mnc="05"
        num_match="8"
    />
    <!-- DTS2012030607891 chenzhong 20120306 end -->
    <!-- DTS2012022105931 chenzhong 20120222 begin -->
        <numMatch 
        name="CAT"
        mcc="520"
        mnc="00"
        num_match="8"
    />
    <!-- DTS2012022105931 chenzhong 20120222 end -->
    <!-- DTS2012030607891 chenzhong 20120306 begin -->
    <numMatch 
        name="CAT"
        mcc="520"
        mnc="15"
        num_match="8"
    />
    <numMatch 
        name="CAT"
        mcc="520"
        mnc="01"
        num_match="8"
    />
    <numMatch 
        name="CAT"
        mcc="520"
        mnc="18"
        num_match="8"
    />
    <!-- DTS2012030607891 chenzhong 20120306 end -->
    <numMatch 
        name="CAT"
        mcc="520"
        mnc="99"
        num_match="8"
    />
        <numMatch 
        name="2degrees"
        mcc="530"
        mnc="24"
        num_match="7"
    />
    <numMatch 
        name="2degrees"
        mcc="530"
        mnc="05"
        num_match="7"
    />
    <numMatch 
        name="2degrees"
        mcc="530"
        mnc="01"
        num_match="7"
    />
        <numMatch 
        name="Orange"
        mcc="610"
        mnc="02"
        num_match="8"
    />
        <numMatch
        name="Orange"
        mcc="617"
        mnc="01"
        num_match="7"
    />
    <numMatch 
        name="etisalat"
        mcc="621"
        mnc="60"
        num_match="7"
    />
    <numMatch 
        name="etisalat"
        mcc="646"
        mnc="02"
        num_match="7"
    />
    <numMatch 
        name="etisalat"
        mcc="652"
        mnc="02"
        num_match="7"
    />
        <numMatch 
        name="etisalat"
        mcc="001"
        mnc="01"
        num_match="7"
    />
        <numMatch 
        name="etisalat"
        mcc="624"
        mnc="02"
        num_match="7"
    />
    <numMatch 
        name="etisalat"
        mcc="708"
        mnc="01"
        num_match="7"
        sms_coding_national="2"
    />
        <numMatch 
        name="Meditel"
        mcc="604"
        mnc="00"
        num_match="8"
    />
        <numMatch 
        name="MTN"
        mcc="421"
        mnc="02"
        num_match="8"
    />
        <numMatch 
        name="SabaFon"
        mcc="421"
        mnc="01"
        num_match="8"
    />
        <numMatch 
        name="Watanya Telecom"
        mcc="603"
        mnc="03"
        num_match="8"
    />
        <numMatch 
        name="Orascom Telecom"
        mcc="603"
        mnc="02"
        num_match="8"
    />
        <numMatch 
        name="ATM MOBILIS"
        mcc="603"
        mnc="01"
        num_match="8"
    />
        <numMatch 
        name="Tigo"
        mcc="622"
        mnc="03"
        num_match="8"
    />
        <numMatch 
        name="expresso"
        mcc="608"
        mnc="03"
        num_match="8"
    />
        <numMatch 
        name="Sonatel"
        mcc="608"
        mnc="01"
        num_match="8"
    />
        <numMatch 
        name="Robi"
        mcc="470"
        mnc="02"
        num_match="7"
    />
        <numMatch 
        name="Banglalink"
        mcc="470"
        mnc="03"
        num_match="7"
    />
        <numMatch 
        name="Teletalk"
        mcc="470"
        mnc="04"
        num_match="7"
    />
        <numMatch 
        name="Airtel"
        mcc="470"
        mnc="07"
        num_match="7"
    />
        <numMatch 
        name="DiGi"
        mcc="505"
        mnc="15"
        num_match="7"
    />
        <numMatch 
        name="3"
        mcc="272"
        mnc="05"
        num_match="7"
    />
        <numMatch 
        name="Meteor"
        mcc="272"
        mnc="03"
        num_match="7"
    />
        <numMatch 
        name="Tesco"
        mcc="272"
        mnc="11"
        num_match="7"
    />
        <numMatch 
        name="02"
        mcc="272"
        mnc="02"
        num_match="7"
    />
        <numMatch 
        name="Vodafone"
        mcc="272"
        mnc="01"
        num_match="7"
    />
        <numMatch 
        name="Proximus"
        mcc="206"
        mnc="01"
        num_match="10"
    />
        <numMatch 
        name="Base Belgium"
        mcc="206"
        mnc="20"
        num_match="10"
    />
        <numMatch 
        name="Mobistar"
        mcc="206"
        mnc="10"
        num_match="10"
    />
        <numMatch 
        name="Swisscom"
        mcc="228"
        mnc="01"
        num_match="7"
    />
    <!-- DTS2012031407974 chenzhong 20120314 begin -->
        <numMatch 
        name="Mundo-R"
        mcc="214"
        mnc="06"
        num_match="7"
        sms_7bit_enabled="1"
        sms_coding_national="2"
    />
        <numMatch 
        name="Orange"
        mcc="214"
        mnc="03"
        num_match="7"
        sms_coding_national="2"
    />
    <!-- DTS2012031407974 chenzhong 20120314 end -->
    <numMatch 
        name="Yoigo"
        mcc="214"
        mnc="04"
        num_match="7"
        sms_coding_national="2"
    />
        <numMatch 
        name="3"
        mcc="222"
        mnc="99"
        num_match="7"
    />
        <numMatch 
        name="WIND"
        mcc="222"
        mnc="88"
        num_match="7"
    />
        <numMatch 
        name="Vodafone"
        mcc="234"
        mnc="15"
        num_match="10"
    />
    <!--DTS2012042007522 chenzhong 20120420 begin-->
        <numMatch 
        name="Orange UK"
        mcc="234"
        mnc="33"
        num_match="10"
    />
    <numMatch 
        name="Orange UK"
        mcc="234"
        mnc="34"
        num_match="10"
    />
    <numMatch 
        name="Orange UK"
        mcc="234"
        mnc="86"
        num_match="10"
    />
        <numMatch 
        name="T-mobile UK"
        mcc="234"
        mnc="30"
        num_match="10"
    />
        <numMatch 
        name="T-mobile UK"
        mcc="234"
        mnc="31"
        num_match="10"
    />
        <numMatch 
        name="T-mobile UK"
        mcc="234"
        mnc="32"
        num_match="10"
    />
    <!--DTS2012042007522 chenzhong 20120420 end-->
        <numMatch 
        name="3"
        mcc="234"
        mnc="20"
        num_match="10"
    />
    <!-- DTS2012031407974 chenzhong 20120314 begin -->
    <numMatch 
        name="Telcel"
        mcc="334"
        mnc="020"
        num_match="7"
        sms_7bit_enabled="1"
        sms_coding_national="2"
    />
        <numMatch 
        name="IUSACELL(UNEFON)"
        mcc="334"
        mnc="050"
        num_match="7"
        sms_7bit_enabled="1"
        sms_coding_national="2"
    />
        <numMatch 
        name="Movistar"
        mcc="334"
        mnc="030"
        num_match="8"
        sms_7bit_enabled="1"
        sms_coding_national="2"
    />
    <!-- DTS2012031407974 chenzhong 20120314 end -->
    <!--DTS2012032104705 chenzhong 20120321 begin -->
        <numMatch 
        name="FE Velcom"
        mcc="257"
        mnc="01"
        num_match="9"
    />
    <numMatch 
        name="MTS"
        mcc="257"
        mnc="02"
        num_match="9"
    />
    <!--DTS2012032104705 chenzhong 20120321 end -->
    <!-- DTS2012022105931 chenzhong 20120222 begin -->
    <!-- delete by requirement-->
    <!-- DTS2012022105931 chenzhong 20120222 end -->
    <!--DTS2012032104705 chenzhong 20120321 begin -->
        <numMatch 
        name="Life"
        mcc="255"
        mnc="06"
        num_match="10"
    />
    <!--DTS2012032104705 chenzhong 20120321 end -->
        <numMatch 
        name="MTS"
        mcc="255"
        mnc="01"
        num_match="10"
    />
        <numMatch 
        name="Asia"
        mcc="440"
        mnc="10"
        num_match_short="10"
        num_match="11"
    />
        <numMatch 
        name="Asia"
        mcc="440"
        mnc="20"
        num_match="11"
        num_match_short="10"
    />
        <numMatch 
        name="Telus"
        mcc="302"
        mnc="220"
        num_match="10"
    />
        <numMatch 
        name="Rogers"
        mcc="302"
        mnc="720"
        num_match="10"
    />
        <numMatch 
        name="Bell"
        mcc="302"
        mnc="610"
        num_match="10"
    />
        <numMatch 
        name="Mobilicity"
        mcc="302"
        mnc="320"
        num_match="10"
    />
        <numMatch 
        name="Videotron"
        mcc="302"
        mnc="500"
        num_match="10"
    />
        <numMatch 
        name="Tele2"
        mcc="401"
        mnc="77"
        num_match="7"
    />
        <numMatch 
        name="Bakcell"
        mcc="400"
        mnc="02"
        num_match="7"
    />
        <numMatch 
        name="MTS UZB"
        mcc="434"
        mnc="07"
        num_match="7"
    />
    <!--DTS2012042007522 chenzhong 20120420 begin-->
        <numMatch 
        name="Sky Mobile"
        mcc="434"
        mnc="04"
        num_match="9"
    />
    <!--DTS2012042007522 chenzhong 20120420 end-->
    <!-- DTS2012031407974 chenzhong 20120314 begin -->
    <numMatch 
        name="Avea"
        mcc="286"
        mnc="03"
        sms_7bit_enabled="1"
        sms_coding_national="1"
    />
    <numMatch 
        name="Avea"
        mcc="286"
        mnc="04"
        sms_7bit_enabled="1"
        sms_coding_national="1"
    />
    <numMatch 
        name="Turkcell"
        mcc="286"
        mnc="01"
        sms_7bit_enabled="1"
        sms_coding_national="1"
    />
    <numMatch 
        name="ETECSA"
        mcc="368"
        mnc="01"
        num_match="8"
    />
    <!-- DTS2012031407974 chenzhong 20120314 begin -->
    <!-- DTS2012032104705 chenzhong 20120321 begin -->
    <numMatch 
        name="BeeLine / ArmenTel"
        mcc="283"
        mnc="01"
        num_match="9"
    />
    <numMatch 
        name="VivaCell / MTS"
        mcc="283"
        mnc="05"
        num_match="9"
    />
    <numMatch 
        name="Orange Armenia"
        mcc="283"
        mnc="10"
        num_match="9"
    />
    <!-- DTS2012032104705 chenzhong 20120321 end -->
    <!-- DTS2012040105777 chenzhong 20120401 begin -->
    <numMatch 
        name="Virgin Mobile"
        mcc="208"
        mnc="23"
        num_match="9"
    />
    <numMatch 
        name="mfone"
        mcc="456"
        mnc="18"
        num_match="8"
    />
    <numMatch 
        name="Unite"
        mcc="259"
        mnc="03"
        num_match="8"
    />
    <!--DTS2012042007522 chenzhong 20120420 begin-->
    <numMatch 
        name="Moldtelecom"
        mcc="259"
        mnc="05"
        num_match="8"
    />
    <!--DTS2012042007522 chenzhong 20120420 end-->
    <numMatch 
        name="bob"
        mcc="232"
        mnc="11"
        num_match="7"
    />
    <numMatch 
        name="Yesss!"
        mcc="232"
        mnc="12"
        num_match="7"
    />
    <!-- DTS2012040105777 chenzhong 20120401 end -->
    <!--DTS2012041203369 chenzhong 20120412 begin -->
    <numMatch 
        name="Orange"
        mcc="208"
        mnc="02"
        num_match="9"
    />
    <numMatch 
        name="Virgin Mobile"
        mcc="208"
        mnc="23"
        num_match="9"
    />
    <!--DTS2012041203369 chenzhong 20120412 end -->
    <!--DTS2012042007522 chenzhong 20120420 begin-->
    <numMatch 
        name="KPN ES"
        mcc="214"
        mnc="19"
        num_match="7"
        sms_coding_national="2"
    />
    <numMatch 
        name="ONO"
        mcc="214"
        mnc="18"
        num_match="7"
        sms_coding_national="2"
    />
    <numMatch 
        name="TeleCable"
        mcc="214"
        mnc="16"
        num_match="7"
        sms_coding_national="2"
    />
    <numMatch 
        name="Mundo"
        mcc="214"
        mnc="16"
        num_match="7"
        sms_coding_national="2"
    />
    <numMatch 
        name="Jazztel"
        mcc="214"
        mnc="21"
        num_match="9"
        sms_coding_national="2"
    />
    <numMatch 
        name="Tuenti"
        mcc="214"
        mnc="05"
        num_match="7"
        sms_coding_national="2"
    />
    <numMatch 
        name="Sky Mobile"
        mcc="401"
        mnc="01"
        num_match="9"
    />
    <numMatch 
        name="Sky Mobile"
        mcc="282"
        mnc="04"
        num_match="9"
    />
    <numMatch 
        name="Sky Mobile"
        mcc="437"
        mnc="01"
        num_match="9"
    />
    <numMatch 
        name="Sky Mobile"
        mcc="436"
        mnc="05"
        num_match="9"
    />
    <numMatch 
        name="Telenor"
        mcc="216"
        mnc="01"
        num_match="9"
    />
    <numMatch 
        name="Network Norway"
        mcc="242"
        mnc="05"
        num_match="7"
    />
    <numMatch 
        name="telenor"
        mcc="242"
        mnc="01"
        num_match="7"
    />
    <numMatch 
        name="NetCom"
        mcc="242"
        mnc="02"
        num_match="7"
    />
    <numMatch 
        name="Siminn"
        mcc="274"
        mnc="01"
        num_match="7"
    />
    <numMatch 
        name="Nova"
        mcc="274"
        mnc="11"
        num_match="7"
    />
    <numMatch 
        name="Vodafone"
        mcc="274"
        mnc="02"
        num_match="7"
    />
    <numMatch 
        name="Mobitel"
        mcc="293"
        mnc="41"
        num_match="7"
    />
    <numMatch 
        name="Si.mobil"
        mcc="293"
        mnc="40"
        num_match="7"
    />
    <numMatch 
        name="VIP"
        mcc="294"
        mnc="03"
        num_match="7"
    />
    <numMatch 
        name="ONE"
        mcc="294"
        mnc="02"
        num_match="7"
    />
    <numMatch 
        name="Q"
        mcc="202"
        mnc="09"
        num_match="7"
    />
    <numMatch 
        name="Cytamobile-Vodafone"
        mcc="280"
        mnc="01"
        num_match="7"
    />
    <numMatch 
        name="MTN"
        mcc="280"
        mnc="10"
        num_match="7"
    />
    <!--DTS2012042007522 chenzhong 20120420 end-->
</numMatchs>
<!-- DTS2012020901435 chenzhong 20120216 end -->
<!--!notice:the kuike apn must be the last!So that we can find whether other apn is ok. -->
