<?xml version="1.0" encoding="UTF-8"?>
<!--
/* Copyright (c) 2011-2012, Code Aurora Forum. All rights reserved.
 *
 * Redistribution and use in source and binary forms, with or without
 * modification, are permitted provided that the following conditions are
 * met:
 *     * Redistributions of source code must retain the above copyright
 *       notice, this list of conditions and the following disclaimer.
 *     * Redistributions in binary form must reproduce the above
 *       copyright notice, this list of conditions and the following
 *       disclaimer in the documentation and/or other materials provided
 *       with the distribution.
 *     * Neither the name of Code Aurora Forum, Inc. nor the names of its
 *       contributors may be used to endorse or promote products derived
 *       from this software without specific prior written permission.
 *
 * THIS SOFTWARE IS PROVIDED "AS IS" AND ANY EXPRESS OR IMPLIED
 * WARRANTIES, INCLUDING, BUT NOT LIMITED TO, THE IMPLIED WARRANTIES OF
 * MERCHANTABILITY, FITNESS FOR A PARTICULAR PURPOSE AND NON-INFRINGEMENT
 * ARE DISCLAIMED.  IN NO EVENT SHALL THE COPYRIGHT OWNER OR CONTRIBUTORS
 * BE LIABLE FOR ANY DIRECT, INDIRECT, INCIDENTAL, SPECIAL, EXEMPLARY, OR
 * CONSEQUENTIAL DAMAGES (INCLUDING, BUT NOT LIMITED TO, PROCUREMENT OF
 * SUBSTITUTE GOODS OR SERVICES; LOSS OF USE, DATA, OR PROFITS; OR
 * BUSINESS INTERRUPTION) HOWEVER CAUSED AND ON ANY THEORY OF LIABILITY,
 * WHETHER IN CONTRACT, STRICT LIABILITY, OR TORT (INCLUDING NEGLIGENCE
 * OR OTHERWISE) ARISING IN ANY WAY OUT OF THE USE OF THIS SOFTWARE, EVEN
 * IF ADVISED OF THE POSSIBILITY OF SUCH DAMAGE.
 */

List of all parameters available and sample values
NOTE: 0 - TX, 1 - RX

 SPEC_INDEX="0"
 FLOW_DIRECTION="0"
 FLOW_TRAFFIC_CLASS="0"
 FLOW_DATA_RATE_MIN="256"
 FLOW_DATA_RATE_MAX="512"
 FLOW_LATENCY="50"
 FLOW_3GPP2_PROFILE_ID="11"
 FLOW_3GPP2_PRIORITY="20"
-->
<qosPolicy version="1.0" xmlns:xsi="http://www.w3.org/2001/XMLSchema-instance"
   xsi:noNamespaceSchemaLocation="QoSPolicy.xsd">
   <rolesList>
      <role id="qos_video_telephony">
         <RAT id="3">
           <!--
               RAT 3 is for NETWORK_TYPE_UMTS as returned by
               TelephonyManager. Each RAT specific QoS params are self
               contained.
            -->
            <QosSpec>
               <QosFlowFilter>
                  <SPEC_INDEX>0</SPEC_INDEX>
                  <FLOW_DIRECTION>0</FLOW_DIRECTION>
                  <FLOW_TRAFFIC_CLASS>1</FLOW_TRAFFIC_CLASS>
                  <FLOW_DATA_RATE_MIN>64000</FLOW_DATA_RATE_MIN>
                  <FLOW_DATA_RATE_MAX>128000</FLOW_DATA_RATE_MAX>
                  <FLOW_LATENCY>50</FLOW_LATENCY>
               </QosFlowFilter>
               <QosFlowFilter>
                  <SPEC_INDEX>0</SPEC_INDEX>
                  <FLOW_DIRECTION>1</FLOW_DIRECTION>
                  <FLOW_TRAFFIC_CLASS>1</FLOW_TRAFFIC_CLASS>
                  <FLOW_DATA_RATE_MIN>256000</FLOW_DATA_RATE_MIN>
                  <FLOW_DATA_RATE_MAX>256000</FLOW_DATA_RATE_MAX>
                  <FLOW_LATENCY>50</FLOW_LATENCY>
               </QosFlowFilter>
            </QosSpec>
         </RAT>
         <RAT id="14">
            <!--
               RAT 14 is for NETWORK_TYPE_EHRPD as returned by
               TelephonyManager. Each RAT specific QoS params are self
               contained.
            -->
            <QosSpec>
               <QosFlowFilter>
                  <SPEC_INDEX>0</SPEC_INDEX>
                  <FLOW_DIRECTION>0</FLOW_DIRECTION>
                  <FLOW_3GPP2_PROFILE_ID>11</FLOW_3GPP2_PROFILE_ID>
                  <FLOW_3GPP2_PRIORITY>20</FLOW_3GPP2_PRIORITY>
               </QosFlowFilter>
               <QosFlowFilter>
                  <SPEC_INDEX>0</SPEC_INDEX>
                  <FLOW_DIRECTION>1</FLOW_DIRECTION>
                  <FLOW_3GPP2_PROFILE_ID>11</FLOW_3GPP2_PROFILE_ID>
                  <FLOW_3GPP2_PRIORITY>20</FLOW_3GPP2_PRIORITY>
               </QosFlowFilter>
            </QosSpec>
         </RAT>
      </role>
   </rolesList>
</qosPolicy>
