<?xml version="1.0" encoding="utf-8"?>
<!--DTS2011093002512 jinsu 20110930 create -->
<!--
/*
** Copyright 2006, Google Inc.
**
** Licensed under the Apache License, Version 2.0 (the "License");
** you may not use this file except in compliance with the License.
** You may obtain a copy of the License at
**
**     http://www.apache.org/licenses/LICENSE-2.0
**
** Unless required by applicable law or agreed to in writing, software
** distributed under the License is distributed on an "AS IS" BASIS,
** WITHOUT WARRANTIES OR CONDITIONS OF ANY KIND, either express or implied.
** See the License for the specific language governing permissions and
** limitations under the License.
*/
-->

<!-- use empty string to specify no proxy or port -->
<!-- This version must agree with that in apps/common/res/apns.xml -->

<!-- change "default" to "default,supl" -->
<!-- DTS2011112106642 jinsu 20111121 begin -->
<!-- DTS2011101806762 jiayanhong176905 20111019 begin -->
<!-- Global Version, add sms 7bit coding parameters -->
<numMatchs version="1">
    <numMatch 
        name="Telkom"
        mcc="510"
        mnc="11"
        num_match="7"
    />  
    <numMatch 
        name="Telkom"
        mcc="510"
        mnc="10"
        num_match="7"
    />  
    <numMatch 
        name="Telkom"
        mcc="510"
        mnc="01"
        num_match="7"
    />  
    <numMatch 
        name="Telkom"
        mcc="510"
        mnc="21"
        num_match="7"
    />  
    <numMatch 
        name="Telkom"
        mcc="510"
        mnc="08"
        num_match="7"
    />  
    <numMatch 
        name="Telkom"
        mcc="510"
        mnc="89"
        num_match="7"
    />  
       <numMatch 
        name="Viettel"
        mcc="456"
        mnc="01"
        num_match="8"
    />   
       <numMatch 
        name="Viettel"
        mcc="456"
        mnc="08"
        num_match="8"
    />     
       <numMatch 
        name="Viettel"
        mcc="456"
        mnc="02"
        num_match="8"
    />    
       <numMatch 
        name="Viettel"
        mcc="456"
        mnc="09"
        num_match="8"
    />    
       <numMatch 
        name="Viettel"
        mcc="456"
        mnc="06"
        num_match="8"
    />    
       <numMatch 
        name="Viettel"
        mcc="456"
        mnc="04"
        num_match="8"
    />    
       <numMatch 
        name="Viettel"
        mcc="457"
        mnc="01"
        num_match="8"
    />   
       <numMatch 
        name="Viettel"
        mcc="457"
        mnc="02"
        num_match="8"
    />     
       <numMatch 
        name="Viettel"
        mcc="457"
        mnc="03"
        num_match="8"
    />    
       <numMatch 
        name="ChinaUnicom"
        mcc="460"
        mnc="01"
        num_match="11"
    />   
       <numMatch 
        name="M1"
        mcc="525"
        mnc="03"
        num_match="8"
    />   
     <numMatch 
        name="StarHub"
        mcc="525"
        mnc="05"
        num_match="8"
    /> 
    <numMatch 
        name="SingTel"
        mcc="525"
        mnc="01"
        num_match="8"
    /> 
    <numMatch 
        name="TaiWan"
        mcc="466"
        mnc="01"
        num_match="8"
    /> 
    <numMatch 
        name="TaiWan"
        mcc="466"
        mnc="92"
        num_match="8"
    /> 
    <numMatch 
        name="VOBO"
        mcc="466"
        mnc="89"
        num_match="8"
    /> 
    <numMatch 
        name="VOBO"
        mcc="466"
        mnc="97"
        num_match="8"
    /> 
    <numMatch 
        name="Gonur"
        mcc="438"
        mnc="02"
        num_match="8"
    /> 
    <numMatch 
        name="Dialog"
        mcc="413"
        mnc="02"
        num_match="9"
    /> 
    <numMatch 
        name="Dialog"
        mcc="413"
        mnc="01"
        num_match="9"
    /> 
    <numMatch 
        name="Dialog"
        mcc="413"
        mnc="03"
        num_match="9"
    /> 
    <numMatch 
        name="Dialog"
        mcc="413"
        mnc="05"
        num_match="9"
    /> 
    <numMatch 
        name="Dialog"
        mcc="413"
        mnc="08"
        num_match="9"
    /> 
    <numMatch 
        name="VHA"
        mcc="505"
        mnc="03"
        num_match="9"
    /> 
    <numMatch 
        name="VHA"
        mcc="505"
        mnc="06"
        num_match="9"
    /> 
    <numMatch 
        name="Skytel"
        mcc="428"
        mnc="88"
        num_match="0"
    /> 
    <numMatch 
        name="ChinaMobile"
        mcc="460"
        mnc="00"
        num_match="11"
    /> 
    <numMatch 
        name="ChinaMobile"
        mcc="460"
        mnc="02"
        num_match="11"
    /> 
    <numMatch 
        name="ChinaMobile"
        mcc="460"
        mnc="07"
        num_match="11"
    /> 
    <numMatch 
        name="Vodafone"
        mcc="505"
        mnc="01"
        num_match="7"
    /> 
    <numMatch 
        name="Vodafone"
        mcc="505"
        mnc="02"
        num_match="7"
    /> 
    <numMatch 
        name="Maxis"
        mcc="502"
        mnc="12"
        num_match="10"
    /> 
    <numMatch 
        name="Maxis"
        mcc="502"
        mnc="17"
        num_match="10"
    /> 
     <numMatch 
        name="UMobile"
        mcc="502"
        mnc="18"
        num_match="10"
    /> 
     <numMatch 
        name="Celcom"
        mcc="502"
        mnc="19"
        num_match="10"
    /> 
     <numMatch 
        name="DiGi"
        mcc="502"
        mnc="16"
        num_match="10"
    /> 
     <numMatch 
        name="Celcom"
        mcc="502"
        mnc="13"
        num_match="10"
    /> 
     <numMatch 
        name="DiGi"
        mcc="502"
        mnc="10"
        num_match="10"
    /> 
     <numMatch 
        name="BMobile"
        mcc="528"
        mnc="02"
        num_match="10"
    /> 
    <numMatch 
        name="ICE"
        mcc="712"
        mnc="01"
        num_match="8"
        sms_coding_national="2"
    /> 
    <numMatch 
        name="ICE"
        mcc="712"
        mnc="04"
        sms_7bit_enabled="1"
        sms_coding_national="2"
    /> 
    <numMatch 
        name="ICE"
        mcc="712"
        mnc="03"
        sms_7bit_enabled="1"
        sms_coding_national="2"
    /> 
    <numMatch 
        name="Movilnet"
        mcc="734"
        mnc="06"
        num_match="10"
        num_match_short="7"
        sms_coding_national="2"
    /> 
    <numMatch 
        name="Movistar"
        mcc="730"
        mnc="02"
        num_match="8"
        sms_7bit_enabled="1"
        sms_coding_national="2"
    /> 
    <numMatch 
        name="VTR"
        mcc="730"
        mnc="08"
        num_match="8"
        sms_coding_national="2"
    /> 
    <numMatch 
        name="IUSACELL"
        mcc="334"
        mnc="50"
        num_match="8"
        sms_coding_national="2"
    /> 
    <numMatch 
        name="TIM"
        mcc="222"
        mnc="01"
        num_match="10"
    /> 
    <numMatch 
        name="Vodafone"
        mcc="222"
        mnc="10"
        num_match="7"
    /> 
    <numMatch 
        name="IUSACELL"
        mcc="222"
        mnc="11"
        num_match="8"
        sms_coding_national="2"
    /> 
    <numMatch 
        name="IUSACELL"
        mcc="222"
        mnc="12"
        num_match="8"
        sms_coding_national="2"
    /> 
    <numMatch 
        name="IUSACELL"
        mcc="222"
        mnc="13"
        num_match="8"
        sms_coding_national="2"
    /> 
    <numMatch 
        name="IUSACELL"
        mcc="222"
        mnc="14"
        num_match="8"
        sms_coding_national="2"
    /> 
    <numMatch 
        name="IUSACELL"
        mcc="222"
        mnc="15"
        num_match="8"
        sms_coding_national="2"
    /> 
    <numMatch 
        name="IUSACELL"
        mcc="222"
        mnc="16"
        num_match="8"
        sms_coding_national="2"
    /> 
    <numMatch 
        name="IUSACELL"
        mcc="222"
        mnc="17"
        num_match="8"
        sms_coding_national="2"
    /> 
    <numMatch 
        name="IUSACELL"
        mcc="222"
        mnc="18"
        num_match="8"
        sms_coding_national="2"
    /> 
    <numMatch 
        name="IUSACELL"
        mcc="222"
        mnc="19"
        num_match="8"
        sms_coding_national="2"
    /> 
    <numMatch 
        name="Claro"
        mcc="724"
        mnc="02"
        num_match="8"
        sms_coding_national="3"
    /> 
    <numMatch 
        name="Claro"
        mcc="724"
        mnc="03"
        num_match="8"
        sms_coding_national="3"
    /> 
    <numMatch 
        name="Claro"
        mcc="724"
        mnc="04"
        num_match="8"
        sms_coding_national="3"
    /> 
    <numMatch 
        name="Claro"
        mcc="724"
        mnc="05"
        num_match="8"
        sms_coding_national="3"
    /> 
    <numMatch 
        name="Claro"
        mcc="724"
        mnc="06"
        num_match="8"
        sms_coding_national="3"
    /> 
    <numMatch 
        name="Claro"
        mcc="724"
        mnc="08"
        num_match="8"
        sms_coding_national="3"
    /> 
    <numMatch 
        name="Claro"
        mcc="724"
        mnc="10"
        num_match="8"
        sms_coding_national="3"
    /> 
    <numMatch 
        name="Claro"
        mcc="724"
        mnc="11"
        num_match="8"
        sms_coding_national="3"
    />
    <numMatch 
        name="Claro"
        mcc="724"
        mnc="16"
        num_match="8"
        sms_coding_national="3"
    /> 
    <numMatch 
        name="Claro"
        mcc="724"
        mnc="23"
        num_match="8"
        sms_coding_national="3"
    /> 
    <numMatch 
        name="Claro"
        mcc="724"
        mnc="24"
        num_match="8"
        sms_coding_national="3"
    /> 
    <numMatch 
        name="Claro"
        mcc="724"
        mnc="31"
        num_match="8"
        sms_coding_national="3"
    /> 
    <numMatch 
        name="Claro"
        mcc="724"
        mnc="32"
        num_match="8"
        sms_coding_national="3"
    /> 
    <numMatch 
        name="Claro"
        mcc="724"
        mnc="33"
        num_match="8"
        sms_coding_national="3"
    /> 
    <numMatch 
        name="Claro"
        mcc="724"
        mnc="34"
        num_match="8"
        sms_coding_national="3"
    /> 
    <numMatch 
        name="Movistar"
        mcc="334"
        mnc="03"
        num_match="8"
        sms_coding_national="2"
    />
    <numMatch 
        name="TELCEL"
        mcc="334"
        mnc="20"
        num_match="7"
        sms_coding_national="2"
    />
    <numMatch 
        name="Movistar"
        mcc="334"
        mnc="30"
        num_match="8"
        sms_coding_national="2"
    />
    <numMatch 
        name="Movistar"
        mcc="704"
        mnc="03"
        num_match="8"
        sms_7bit_enabled="1"
        sms_coding_national="2"
    />
    <numMatch 
        name="Movistar"
        mcc="704"
        mnc="01"
        sms_7bit_enabled="1"
        sms_coding_national="2"
    />
    <numMatch 
        name="Movistar"
        mcc="706"
        mnc="04"
        num_match="8"
        sms_7bit_enabled="1"
        sms_coding_national="2"
    />
    <numMatch 
        name="Movistar"
        mcc="706"
        mnc="01"
        sms_7bit_enabled="1"
        sms_coding_national="2"
    />
    <numMatch 
        name="Movistar"
        mcc="710"
        mnc="30"
        num_match="8"
        sms_coding_national="2"
    />
    <numMatch 
        name="Movistar"
        mcc="710"
        mnc="21"
        sms_coding_national="2"
    />
    <numMatch 
        name="Movistar"
        mcc="714"
        mnc="02"
        num_match="8"
        sms_7bit_enabled="1"
        sms_coding_national="2"
    />
    <numMatch 
        name="Movistar"
        mcc="714"
        mnc="03"
        sms_7bit_enabled="1"
        sms_coding_national="2"
    />
    <numMatch 
        name="Movistar"
        mcc="730"
        mnc="01"
        num_match="8"
        sms_coding_national="2"
    />
    <numMatch 
        name="Movistar"
        mcc="722"
        mnc="07"
        num_match="7"
        sms_7bit_enabled="1"
        sms_coding_national="2"
    />
    <numMatch 
        name="Movistar"
        mcc="740"
        mnc="01"
        num_match="7"
        sms_coding_national="2"
    />
    <numMatch 
        name="Movistar"
        mcc="740"
        mnc="02"
        num_match="7"
        sms_coding_national="2"
    />
    <numMatch 
        name="Movistar"
        mcc="748"
        mnc="07"
        sms_7bit_enabled="1"
        sms_coding_national="2"
    />
    <numMatch 
        name="Movistar"
        mcc="748"
        mnc="10"
        num_match="7"
        sms_7bit_enabled="1"
        sms_coding_national="2"
    />
    <numMatch 
        name="Movistar"
        mcc="744"
        mnc="02"
        num_match="7"
        sms_7bit_enabled="1"
        sms_coding_national="2"
    />
    <numMatch 
        name="COLOMBIA"
        mcc="732"
        mnc="123"
        num_match="10"
        sms_coding_national="2"
    /> 
    <numMatch 
        name="COLOMBIA"
        mcc="732"
        mnc="103"
        num_match="10"
        sms_coding_national="2"
    /> 
    <numMatch 
        name="COLOMBIA"
        mcc="732"
        mnc="111"
        num_match="10"
        sms_coding_national="2"
    /> 
    <numMatch 
        name="COLOMBIA"
        mcc="732"
        mnc="101"
        num_match="10"
        sms_coding_national="2"
    /> 
    <numMatch 
        name="COLOMBIA"
        mcc="734"
        mnc="01"
        num_match="7"
        sms_coding_national="2"
    /> 
    <numMatch 
        name="COLOMBIA"
        mcc="734"
        mnc="02"
        num_match="7"
        sms_coding_national="2"
    /> 
    <numMatch 
        name="COLOMBIA"
        mcc="734"
        mnc="03"
        num_match="7"
        sms_coding_national="2"
    /> 
    <numMatch 
        name="COLOMBIA"
        mcc="734"
        mnc="04"
        num_match="10"
        sms_coding_national="2"
    /> 
    <numMatch 
        name="Antel"
        mcc="748"
        mnc="01"
        num_match="8"
        sms_7bit_enabled="1"
        sms_coding_national="2"
    /> 
    <numMatch 
        name="Memo"
        mcc="417"
        mnc="01"
        num_match="9"
    /> 
    <numMatch 
        name="Memo"
        mcc="417"
        mnc="02"
        num_match="9"
    /> 
    <numMatch 
        name="Tigo"
        mcc="640"
        mnc="02"
        num_match="9"
    /> 
    <numMatch 
        name="MTN"
        mcc="634"
        mnc="02"
        num_match="9"
    /> 
    <numMatch 
        name="NTD"
        mcc="602"
        mnc="01"
        num_match="10"
    /> 
    <numMatch 
        name="NTD"
        mcc="602"
        mnc="02"
        num_match="11"
    /> 
    <numMatch 
        name="NTD"
        mcc="602"
        mnc="03"
        num_match="11"
    /> 
    <numMatch 
        name="KKTCELL"
        mcc="286"
        mnc="01"
        sms_coding_national="1"
    />
    <numMatch 
        name="KKTCELL"
        mcc="286"
        mnc="02"
        num_match="7"
        sms_coding_national="1"
    />  
    <numMatch 
        name="KKTCELL"
        mcc="286"
        mnc="03"
        sms_coding_national="1"
    />  
    <numMatch 
        name="KKTCELL"
        mcc="286"
        mnc="04"
        sms_coding_national="1"
    />  
    <numMatch 
        name="GH"
        mcc="620"
        mnc="02"
        num_match="9"
    /> 
    <numMatch 
        name="Maroc"
        mcc="604"
        mnc="01"
        num_match="9"
    />
    <numMatch 
        name="MTN"
        mcc="635"
        mnc="10"
        num_match="9"
    />
    <numMatch 
        name="Orange"
        mcc="641"
        mnc="14"
        num_match="9"
    />
    <numMatch 
        name="Orange"
        mcc="641"
        mnc="10"
        num_match="7"
    />
    <numMatch 
        name="Orange"
        mcc="641"
        mnc="11"
        num_match="7"
    />
    <numMatch 
        name="Unitel"
        mcc="631"
        mnc="02"
        num_match="8"
        sms_7bit_enabled="1"
        sms_coding_national="3"
    />
    <numMatch 
        name="Telecom"
        mcc="640"
        mnc="03"
        num_match="9"
    />
    <numMatch 
        name="Zain"
        mcc="634"
        mnc="02"
        num_match="9"
    />
    <numMatch 
        name="Qatar"
        mcc="427"
        mnc="02"
        num_match="8"
    />
    <numMatch 
        name="Yemen"
        mcc="423"
        mnc="03"
        num_match="8"
    />
    <numMatch 
        name="Poland"
        mcc="260"
        mnc="01"
        num_match="9"
    />
    <numMatch 
        name="Poland"
        mcc="260"
        mnc="02"
        num_match="9"
    />
    <numMatch 
        name="Poland"
        mcc="260"
        mnc="03"
        num_match="9"
    />
    <numMatch 
        name="Poland"
        mcc="260"
        mnc="05"
        num_match="9"
    />
    <numMatch 
        name="Poland"
        mcc="260"
        mnc="06"
        num_match="9"
    />
    <numMatch 
        name="Poland"
        mcc="260"
        mnc="07"
        num_match="9"
    />
    <numMatch 
        name="Poland"
        mcc="260"
        mnc="10"
        num_match="9"
    />
    <numMatch 
        name="Poland"
        mcc="260"
        mnc="12"
        num_match="9"
    />
    <numMatch 
        name="Poland"
        mcc="260"
        mnc="15"
        num_match="9"
    />
    <numMatch 
        name="Poland"
        mcc="260"
        mnc="16"
        num_match="9"
    />
    <numMatch 
        name="Poland"
        mcc="260"
        mnc="17"
        num_match="9"
    />
    <numMatch 
        name="Srbija"
        mcc="218"
        mnc="05"
        num_match="8"
    />
    <numMatch 
        name="VIRGIN"
        mcc="208"
        mnc="01"
        num_match="10"
    />
    <numMatch 
        name="VIRGIN"
        mcc="208"
        mnc="10"
        num_match="7"
    />
    <numMatch 
        name="VIRGIN"
        mcc="208"
        mnc="20"
        num_match="7"
    />
    <numMatch 
        name="VIRGIN"
        mcc="208"
        mnc="15"
        num_match="7"
    />
    <numMatch 
        name="Vodafone"
        mcc="204"
        mnc="08"
        num_match="7"
    />
    <numMatch 
        name="KPN"
        mcc="204"
        mnc="04"
        num_match="7"
    />
    <numMatch 
        name="T-mobile"
        mcc="204"
        mnc="16"
        num_match="7"
    />
    <numMatch 
        name="o2-de"
        mcc="262"
        mnc="07"
        num_match="10"
    />
    <numMatch 
        name="T-Mobile"
        mcc="262"
        mnc="01"
        num_match="10"
    />
    <numMatch 
        name="T-Mobile"
        mcc="230"
        mnc="01"
        num_match="9"
    />
    <numMatch 
        name="O2"
        mcc="230"
        mnc="02"
        num_match="9"
    />
    <numMatch 
        name="Vodafone"
        mcc="230"
        mnc="03"
        num_match="9"
    />
    <numMatch 
        name="E-Plus"
        mcc="262"
        mnc="03"
        num_match="10"
    />
    <numMatch 
        name="Vodafone"
        mcc="268"
        mnc="01"
        num_match="9"
        sms_coding_national="3"
    />
    <numMatch 
        name="Vodafone"
        mcc="216"
        mnc="70"
        num_match="9"
    />
    <numMatch 
        name="Tesco"
        mcc="234"
        mnc="10"
        num_match="10"
    />
    <numMatch 
        name="Vodafone"
        mcc="226"
        mnc="01"
        num_match="9"
    />
    <numMatch 
        name="Orange"
        mcc="226"
        mnc="10"
        num_match="9"
    />
    <numMatch 
        name="Cosmote"
        mcc="226"
        mnc="03"
        num_match="9"
    />
    <numMatch 
        name="Cosmote"
        mcc="226"
        mnc="04"
        num_match="9"
    />
    <numMatch 
        name="Cosmote"
        mcc="226"
        mnc="06"
        num_match="9"
    />
    <numMatch 
        name="DiGi"
        mcc="226"
        mnc="05"
        num_match="9"
    />
    <numMatch 
        name="Sunrise"
        mcc="228"
        mnc="02"
        num_match="7"
    />
    <numMatch 
        name="Vodafone"
        mcc="262"
        mnc="02"
        num_match="10"
    />
    <numMatch 
        name="Beeline"
        mcc="250"
        mnc="99"
        num_match="7"
    />
    <numMatch 
        name="MegaFon"
        mcc="250"
        mnc="02"
        num_match="7"
    />
    <numMatch 
        name="Mts"
        mcc="250"
        mnc="01"
        num_match="7"
    />
    <numMatch 
        name="kyivstar"
        mcc="255"
        mnc="03"
        num_match="10"
    />
    <numMatch 
        name="Beeline"
        mcc="437"
        mnc="01"
        num_match="9"
    />
    <numMatch 
        name="Emobel"
        mcc="440"
        mnc="00"
        num_match="11"
    />
    <numMatch 
        name="Wind"
        mcc="302"
        mnc="490"
        num_match="10"
    />
    <numMatch 
        name="Optimus"
        mcc="268"
        mnc="03"
        num_match="9"
        sms_coding_national="3"
    />
    <numMatch 
        name="TMN"
        mcc="268"
        mnc="06"
        num_match="9"
        sms_coding_national="3"
    />
    <numMatch 
        name="Claro"
        mcc="730"
        mnc="03"
        num_match="8"
        sms_coding_national="2"
    />
    <numMatch 
        name="Claro"
        mcc="730"
        mnc="10"
        num_match="8"
        sms_coding_national="2"
    />
    <numMatch 
        name="Vodacom"
        mcc="655"
        mnc="01"
        num_match="7"
    />
    <numMatch 
        name="Vodacom"
        mcc="655"
        mnc="02"
        num_match="9"
    />
    <numMatch 
        name="Vodacom"
        mcc="655"
        mnc="07"
        num_match="9"
    />
    <numMatch 
        name="Vodacom"
        mcc="655"
        mnc="10"
        num_match="9"
    />
    <numMatch 
        name="Safaricom"
        mcc="639"
        mnc="02"
        num_match="9"
    />
    <numMatch 
        name="Safaricom"
        mcc="639"
        mnc="07"
        num_match="9"
    />
    <numMatch 
        name="Safaricom"
        mcc="639"
        mnc="03"
        num_match="9"
    />
    <numMatch 
        name="Sudani"
        mcc="634"
        mnc="07"
        num_match="9"
    />
    <numMatch 
        name="Sudani"
        mcc="634"
        mnc="01"
        num_match="9"
    />
    <numMatch 
        name="Techdata"
        mcc="232"
        mnc="01"
        num_match="7"
    />
    <numMatch 
        name="Techdata"
        mcc="232"
        mnc="10"
        num_match="7"
    />
    <numMatch 
        name="T-Mobile"
        mcc="232"
        mnc="03"
        num_match="7"
    />
    <numMatch 
        name="Orange"
        mcc="232"
        mnc="05"
        num_match="7"
    />
    <numMatch 
        name="tele"
        mcc="232"
        mnc="07"
        num_match="7"
    />
    <numMatch 
        name="Vodafone"
        mcc="219"
        mnc="10"
        num_match="7"
    />
    <numMatch 
        name="Tele2"
        mcc="219"
        mnc="02"
        num_match="7"
    />
    <numMatch 
        name="TDC"
        mcc="238"
        mnc="01"
        num_match="7"
    />
    <numMatch 
        name="Telenor"
        mcc="238"
        mnc="02"
        num_match="7"
    />
    <numMatch 
        name="Denmark"
        mcc="238"
        mnc="06"
        num_match="7"
    />
    <numMatch 
        name="Telia"
        mcc="238"
        mnc="20"
        num_match="7"
    />
    <numMatch 
        name="EMT"
        mcc="248"
        mnc="01"
        num_match="7"
    />
    <numMatch 
        name="Elisa"
        mcc="248"
        mnc="02"
        num_match="7"
    />
    <numMatch 
        name="Tele2"
        mcc="248"
        mnc="03"
        num_match="7"
    />
    <numMatch 
        name="Elisa"
        mcc="244"
        mnc="05"
        num_match="7"
    />
    <numMatch 
        name="DNA"
        mcc="244"
        mnc="12"
        num_match="7"
    />
    <numMatch 
        name="Saunalahti"
        mcc="244"
        mnc="21"
        num_match="7"
    />
    <numMatch 
        name="Sonera"
        mcc="244"
        mnc="91"
        num_match="7"
    />
    <numMatch 
        name="Greece"
        mcc="202"
        mnc="05"
        num_match="7"
        sms_7bit_enabled="1"
    />
    <numMatch 
        name="Bite"
        mcc="247"
        mnc="05"
        num_match="7"
    />
    <numMatch 
        name="Tele2"
        mcc="247"
        mnc="02"
        num_match="7"
    />
    <numMatch 
        name="LMT"
        mcc="247"
        mnc="01"
        num_match="7"
    />
    <numMatch 
        name="Omnitel"
        mcc="246"
        mnc="01"
        num_match="7"
    />
    <numMatch 
        name="Bite"
        mcc="246"
        mnc="02"
        num_match="7"
    />
    <numMatch 
        name="Tele2"
        mcc="246"
        mnc="03"
        num_match="7"
    />
    <numMatch 
        name="T-Mobile"
        mcc="294"
        mnc="01"
        num_match="7"
    />
    <numMatch 
        name="Orange"
        mcc="259"
        mnc="01"
        num_match="7"
    />
    <numMatch 
        name="Plus"
        mcc="260"
        mnc="01"
        num_match="9"
    />
    <numMatch 
        name="T-Mobile"
        mcc="260"
        mnc="02"
        num_match="9"
    />
    <numMatch 
        name="Orange"
        mcc="260"
        mnc="03"
        num_match="9"
    />
    <numMatch 
        name="Play"
        mcc="260"
        mnc="06"
        num_match="9"
    />
    <numMatch 
        name="Cyfrowy Polsat S.A."
        mcc="260"
        mnc="12"
        num_match="7"
    />
    <numMatch 
        name="Telenor"
        mcc="220"
        mnc="01"
        num_match="8"
    />
    <numMatch 
        name="MTS"
        mcc="220"
        mnc="03"
        num_match="8"
    />
    <numMatch 
        name="VIP"
        mcc="220"
        mnc="05"
        num_match="8"
    />
    <numMatch 
        name="TUS Mobil"
        mcc="293"
        mnc="70"
        num_match="7"
    />
     <numMatch 
        name="STC Kuwait"
        mcc="419"
        mnc="04"
        num_match="8"
    /> 
     <numMatch 
        name="OmanMobile"
        mcc="422"
        mnc="02"
        num_match="8"
    /> 
     <numMatch 
        name="nawras"
        mcc="422"
        mnc="03"
        num_match="8"
    /> 
     <numMatch 
        name="etisalat"
        mcc="424"
        mnc="01"
        num_match="8"
    /> 
     <numMatch 
        name="etisalat"
        mcc="424"
        mnc="02"
        num_match="8"
    /> 
     <numMatch 
        name="du"
        mcc="424"
        mnc="03"
        num_match="8"
    /> 
     <numMatch 
        name="Zain"
        mcc="419"
        mnc="02"
        num_match="8"
    /> 
     <numMatch 
        name="Wataniya"
        mcc="419"
        mnc="03"
        num_match="8"
    /> 
     <numMatch 
        name="STC"
        mcc="420"
        mnc="01"
        num_match="8"
    /> 
     <numMatch 
        name="Mobily"
        mcc="420"
        mnc="03"
        num_match="8"
    /> 
     <numMatch 
        name="Zain"
        mcc="420"
        mnc="04"
        num_match="8"
    /> 
     <numMatch 
        name="batelco"
        mcc="426"
        mnc="01"
        num_match="8"
    /> 
     <numMatch 
        name="Zain"
        mcc="426"
        mnc="02"
        num_match="8"
    /> 
     <numMatch 
        name="Bahrain"
        mcc="426"
        mnc="04"
        num_match="8"
    /> 
     <numMatch 
        name="Jordan"
        mcc="416"
        mnc="01"
        num_match="8"
    /> 
     <numMatch 
        name="Umniah"
        mcc="416"
        mnc="03"
        num_match="8"
    /> 
     <numMatch 
        name="Orange"
        mcc="416"
        mnc="770"
        num_match="8"
    /> 
     <numMatch 
        name="MCCI"
        mcc="432"
        mnc="11"
        num_match="8"
    /> 
     <numMatch 
        name="MTN"
        mcc="432"
        mnc="35"
        num_match="8"
    /> 
     <numMatch 
        name="Zain"
        mcc="418"
        mnc="30"
        num_match="8"
    /> 
     <numMatch 
        name="Zain"
        mcc="418"
        mnc="20"
        num_match="8"
    /> 
     <numMatch 
        name="Asiacell"
        mcc="418"
        mnc="05"
        num_match="8"
    /> 
     <numMatch 
        name="KOREK"
        mcc="418"
        mnc="82"
        num_match="8"
    /> 
     <numMatch 
        name="KOREK"
        mcc="418"
        mnc="40"
        num_match="8"
    /> 
     <numMatch 
        name="Qatar"
        mcc="427"
        mnc="01"
        num_match="8"
    /> 
    <numMatch 
        name="IUSACELL"
        mcc="370"
        mnc="01"
        sms_coding_national="2"
    />   
    <numMatch 
        name="IUSACELL"
        mcc="716"
        mnc="06"
        num_match="7"
        sms_coding_national="2"
    /> 
    <numMatch 
        name="IUSACELL"
        mcc="716"
        mnc="10"
        num_match="7"
        sms_coding_national="2"
    /> 
    <numMatch 
        name="IUSACELL"
        mcc="716"
        mnc="17"
        num_match="7"
        sms_coding_national="2"
    /> 
    <numMatch 
        name="Digitel"
        mcc="214"
        mnc="01"
        num_match="7"
        sms_coding_national="2"
    /> 
    <numMatch 
        name="Digitel"
        mcc="214"
        mnc="05"
        num_match="7"
        sms_coding_national="2"
    /> 
    <numMatch 
        name="Movistar"
        mcc="722"
        mnc="310"
        num_match="7"
        sms_7bit_enabled="1"
        sms_coding_national="2"
    />
    <numMatch 
        name="Movistar"
        mcc="722"
        mnc="34"
        num_match="7"
        sms_7bit_enabled="1"
        sms_coding_national="2"
    />
    <numMatch 
        name="Movistar"
        mcc="370"
        mnc="02"
        sms_coding_national="2"
    />
     <numMatch 
        name="Ufone"
        mcc="410"
        mnc="03"
        num_match="8"
    /> 
     <numMatch 
        name="Mobilink"
        mcc="410"
        mnc="01"
        num_match="8"
    /> 
     <numMatch 
        name="Warid"
        mcc="410"
        mnc="07"
        num_match="8"
    /> 
     <numMatch 
        name="Zong"
        mcc="410"
        mnc="04"
        num_match="8"
    /> 
     <numMatch 
        name="Telenor"
        mcc="410"
        mnc="06"
        num_match="7"
    />
    <numMatch 
        name="Tele2"
        mcc="240"
        mnc="07"
        num_match="7"
    /> 
    <numMatch 
        name="Telenor"
        mcc="240"
        mnc="08"
        num_match="7"
    /> 
    <numMatch 
        name="Telia"
        mcc="240"
        mnc="01"
        num_match="7"
    /> 
    <numMatch 
        name="Tele2"
        mcc="240"
        mnc="02"
        num_match="7"
    /> 
    <numMatch 
        name="Tele2"
        mcc="240"
        mnc="05"
        num_match="7"
    /> 
    <numMatch 
        name="Lfe ;-) (BeST)"
        mcc="257"
        mnc="04"
        num_match="7"
    /> 
    <numMatch 
        name="Geocell"
        mcc="282"
        mnc="01"
        num_match="7"
    /> 
    <numMatch 
        name="Boston"
        mcc="290"
        mnc="01"
        num_match="7"
    /> 
    <numMatch 
        name="TMO"
        mcc="310"
        mnc="160"
        num_match="7"
    />
    <numMatch 
        name="TMO"
        mcc="310"
        mnc="420"
        num_match="7"
    />
    <numMatch 
        name="TMO"
        mcc="310"
        mnc="100"
        num_match="7"
    />
    <numMatch 
        name="TMO"
        mcc="310"
        mnc="00"
        num_match="7"
    />
    <numMatch 
        name="TMO"
        mcc="310"
        mnc="410"
        num_match="7"
    />
    <numMatch 
        name="TMO"
        mcc="310"
        mnc="210"
        num_match="7"
    />
    <numMatch 
        name="TMO"
        mcc="310"
        mnc="230"
        num_match="7"
    />
    <numMatch 
        name="TMO"
        mcc="310"
        mnc="240"
        num_match="7"
    />
    <numMatch 
        name="TMO"
        mcc="310"
        mnc="250"
        num_match="7"
    />
    <numMatch 
        name="TMO"
        mcc="310"
        mnc="260"
        num_match="7"
    />
    <numMatch 
        name="TMO"
        mcc="310"
        mnc="270"
        num_match="7"
    />
    <numMatch 
        name="TMO"
        mcc="310"
        mnc="300"
        num_match="7"
    />
    <numMatch 
        name="TMO"
        mcc="310"
        mnc="310"
        num_match="7"
    />
    <numMatch 
        name="TMO"
        mcc="310"
        mnc="490"
        num_match="7"
    />
    <numMatch 
        name="TMO"
        mcc="310"
        mnc="530"
        num_match="7"
    />
    <numMatch 
        name="TMO"
        mcc="310"
        mnc="580"
        num_match="7"
    />
    <numMatch 
        name="TMO"
        mcc="310"
        mnc="590"
        num_match="7"
    />
    <numMatch 
        name="TMO"
        mcc="310"
        mnc="640"
        num_match="7"
    />
    <numMatch 
        name="TMO"
        mcc="310"
        mnc="660"
        num_match="7"
    />
    <numMatch 
        name="TMO"
        mcc="310"
        mnc="800"
        num_match="7"
    />
    <numMatch 
        name="TMO"
        mcc="310"
        mnc="220"
        num_match="7"
    />
    <numMatch 
        name="TMO"
        mcc="310"
        mnc="30"
        num_match="7"
    />
    <numMatch 
        name="TMO"
        mcc="310"
        mnc="200"
        num_match="7"
    />
    <numMatch 
        name="Telcel"
        mcc="324"
        mnc="20"
        sms_7bit_enabled="1"
        sms_coding_national="2"
    />
    <numMatch 
        name="KCELL"
        mcc="401"
        mnc="02"
        num_match="7"
    />
    <numMatch 
        name="Kartel"
        mcc="401"
        mnc="01"
        num_match="7"
    />
    <numMatch 
        name="Unitech"
        mcc="405"
        mnc="877"
        num_match="7"
    />
    <numMatch 
        name="Unitech"
        mcc="405"
        mnc="878"
        num_match="7"
    />
    <numMatch 
        name="Unitech"
        mcc="405"
        mnc="928"
        num_match="7"
    />
    <numMatch 
        name="Unitech"
        mcc="405"
        mnc="929"
        num_match="7"
    />
    <numMatch 
        name="Unitech"
        mcc="405"
        mnc="879"
        num_match="7"
    />
    <numMatch 
        name="Unitech"
        mcc="405"
        mnc="880"
        num_match="7"
    />
    <numMatch 
        name="Unitech"
        mcc="405"
        mnc="822"
        num_match="7"
    />
    <numMatch 
        name="Unitech"
        mcc="405"
        mnc="926"
        num_match="7"
    />
    <numMatch 
        name="Unitech"
        mcc="405"
        mnc="814"
        num_match="7"
    />
    <numMatch 
        name="Unitech"
        mcc="405"
        mnc="816"
        num_match="7"
    />
    <numMatch 
        name="Unitech"
        mcc="405"
        mnc="817"
        num_match="7"
    />
    <numMatch 
        name="Unitech"
        mcc="405"
        mnc="818"
        num_match="7"
    />
    <numMatch 
        name="Unitech"
        mcc="405"
        mnc="876"
        num_match="7"
    />
    <numMatch 
        name="Unitech"
        mcc="405"
        mnc="875"
        num_match="7"
    />
    <numMatch 
        name="Unitech"
        mcc="405"
        mnc="844"
        num_match="7"
    />
    <numMatch 
        name="Unitech"
        mcc="405"
        mnc="927"
        num_match="7"
    />
    <numMatch 
        name="Unitech"
        mcc="405"
        mnc="815"
        num_match="7"
    />
    <numMatch 
        name="Unitech"
        mcc="405"
        mnc="813"
        num_match="7"
    />
    <numMatch 
        name="Unitech"
        mcc="405"
        mnc="925"
        num_match="7"
    />
    <numMatch 
        name="Unitech"
        mcc="405"
        mnc="821"
        num_match="7"
    />
    <numMatch 
        name="Unitech"
        mcc="405"
        mnc="820"
        num_match="7"
    />
    <numMatch 
        name="Unitech"
        mcc="405"
        mnc="819"
        num_match="7"
    />
    <numMatch 
        name="Ucell"
        mcc="434"
        mnc="05"
        num_match="7"
    />
    <numMatch 
        name="Ucell"
        mcc="452"
        mnc="01"
        num_match="7"
    />
    <numMatch 
        name="Ucell"
        mcc="452"
        mnc="02"
        num_match="7"
    />
    <numMatch 
        name="Ucell"
        mcc="452"
        mnc="04"
        num_match="7"
    />
    <numMatch 
        name="Ucell"
        mcc="452"
        mnc="05"
        num_match="7"
    />
    <numMatch 
        name="Ucell"
        mcc="452"
        mnc="07"
        num_match="7"
    />
    <numMatch 
        name="Ucell"
        mcc="452"
        mnc="08"
        num_match="7"
    />
    <numMatch 
        name="HK"
        mcc="454"
        mnc="06"
        num_match="7"
    />
    <numMatch 
        name="HK"
        mcc="454"
        mnc="00"
        num_match="7"
    />
    <numMatch 
        name="HK"
        mcc="454"
        mnc="03"
        num_match="7"
    />
    <numMatch 
        name="HK"
        mcc="454"
        mnc="19"
        num_match="7"
    />
    <numMatch 
        name="HK"
        mcc="454"
        mnc="12"
        num_match="7"
    />
    <numMatch 
        name="HK"
        mcc="454"
        mnc="01"
        num_match="7"
    />
    <numMatch 
        name="HK"
        mcc="454"
        mnc="10"
        num_match="7"
    />
    <numMatch 
        name="HK"
        mcc="454"
        mnc="04"
        num_match="7"
    />
    <numMatch 
        name="HK"
        mcc="454"
        mnc="16"
        num_match="7"
    />
    <numMatch 
        name="HK"
        mcc="455"
        mnc="00"
        num_match="7"
    />
    <numMatch 
        name="HK"
        mcc="455"
        mnc="01"
        num_match="7"
    />
    <numMatch 
        name="HK"
        mcc="455"
        mnc="04"
        num_match="7"
    />
    <numMatch 
        name="HK"
        mcc="455"
        mnc="03"
        num_match="7"
    />
    <numMatch 
        name="GP"
        mcc="470"
        mnc="01"
        num_match="7"
    />
    <numMatch 
        name="Globe"
        mcc="515"
        mnc="02"
        num_match="7"
    />
    <numMatch 
        name="Globe"
        mcc="515"
        mnc="03"
        num_match="7"
    />
    <numMatch 
        name="Globe"
        mcc="515"
        mnc="05"
        num_match="7"
    />
    <numMatch 
        name="CAT"
        mcc="520"
        mnc="00"
        num_match="7"
    />
    <numMatch 
        name="CAT"
        mcc="520"
        mnc="15"
        num_match="7"
    />
    <numMatch 
        name="CAT"
        mcc="520"
        mnc="01"
        num_match="7"
    />
    <numMatch 
        name="CAT"
        mcc="520"
        mnc="18"
        num_match="7"
    />
    <numMatch 
        name="CAT"
        mcc="520"
        mnc="99"
        num_match="7"
    />
    <numMatch 
        name="2degrees"
        mcc="530"
        mnc="24"
        num_match="7"
    />
    <numMatch 
        name="2degrees"
        mcc="530"
        mnc="05"
        num_match="7"
    />
    <numMatch 
        name="2degrees"
        mcc="530"
        mnc="01"
        num_match="7"
    />
    <numMatch 
        name="Orange"
        mcc="610"
        mnc="02"
        num_match="7"
    />
    <numMatch 
        name="Orange"
        mcc="617"
        mnc="01"
        num_match="7"
    />
    <numMatch 
        name="etisalat"
        mcc="621"
        mnc="60"
        num_match="7"
    />
    <numMatch 
        name="etisalat"
        mcc="646"
        mnc="02"
        num_match="7"
    />
    <numMatch 
        name="etisalat"
        mcc="652"
        mnc="02"
        num_match="7"
    />
    <numMatch 
        name="etisalat"
        mcc="001"
        mnc="01"
        num_match="7"
    />
    <numMatch 
        name="etisalat"
        mcc="624"
        mnc="02"
        num_match="7"
    />
    <numMatch 
        name="etisalat"
        mcc="708"
        mnc="01"
        num_match="7"
        sms_coding_national="2"
    />
</numMatchs>
<!-- DTS2011101806762 jiayanhong176905 20111019 end -->
<!-- DTS2011112106642 jinsu 20111121 end -->
<!--!notice:the kuike apn must be the last!So that we can find whether other apn is ok. -->
